false_name	true_name	form
01R Mk2	AZLA 01R Mk2	inear
1 Plus 2.2	Tralucent Audio Audio 1Plus 2.2	inear
1 Plus X	Tralucent Audio 1+X plus	inear
10 Flat	Sound Linear Fitz 10 Flat (sample 1)	inear
10 Flat S2	Sound Linear Fitz 10 Flat (sample 2)	inear
12 Classics V2	Meze 12 Classics V2	inear
18+		ignore
18Plus C	Ultimate Ears UE18+ (CIEM)	inear
18Plus S3	Ultimate Ears UE18+ (sample 3)	inear
1Custom Dual	1Custom SA02	inear
1plus1.2	Tralucent Audio 1Plus1.2	inear
1plus2.3	Tralucent Audio 1Plus2.3	inear
1plus5.2	Tralucent Audio 1Plus5.2	inear
1S	TFZ 1S	inear
20-6	Fatfreq 20.6	inear
20-6 On	Fatfreq 20.6 (bass switch on)	inear
20-8	Fatfreq 20.8	inear
222	FitEar Private 222	inear
223	FitEar Private 223	inear
2HT	Unique Melody 2HT Terminator	inear
2S	TFZ 2S	inear
333	FitEar Private 333	inear
3DD-Ti	Unique Melody 3DD-Ti	inear
3DD-Ti Open	Unique Melody 3DD-Ti Open	inear
3SH	qdc 3SH	inear
3X	Unique Melody 3X	inear
4 Plus 2 Bass	AAW x Custom Art Project 4+2 (bass filter)	inear
4 Plus 2 Norm	AAW x Custom Art Project 4+2 (norm filter)	inear
4 Plus 2 Vokal	AAW x Custom Art Project 4+2 (Vokal filter)	inear
435	FitEar Private C435	inear
4R	Westone 4R	inear
4S	TFZ 4S	inear
4SS	qdc 4SS	inear
550B		ignore
5S	TFZ 5S	inear
5SH	qdc 5SH	inear
64 Audio N8 M15	64 Audio N8 (m15 Apex module)	inear
64 Audio N8 M15 (CIEM)	64 Audio N8 (CIEM, m15 Apex module)	inear
64 Audio Nio M15	64 Audio Nio (m15 Apex module)	inear
700	Bose Noise Cancelling Headphones 700	onear
747	Advanced 747	inear
747 NC	Advanced 747 NC	inear
75t	Jabra Elite 75t	inear
8CL	qdc 8CL (CIEM)	inear
8SH	qdc 8SH	inear
8SL	qdc 8SL (sample 1)	inear
8SL S2	qdc 8SL (sample 2)	inear
8SS	qdc 8SS	inear
99 Classic	Meze Audio 99 Classic	onear
99 Neo	Meze 99 Neo	onear
A-HE03	Whizzer A-HE03 Kylin	inear
A10	CCA A10	inear
A1000Z	Audio-Technica ATH-A1000Z	onear
A12t	64 Audio A12t	inear
A12t C	64 Audio A12t (CIEM) (sample 1)	inear
A12t C S2	64 Audio A12t (CIEM) (sample 2)	inear
A15	Whizzer A15	inear
A15 Pro	Whizzer A15 Pro	inear
A18S	64 Audio A18s (universal) (sample 1)	inear
A18S C	64 Audio A18s (CIEM)	inear
A18S S2	64 Audio A18s (universal) (sample 2)	inear
A2 Pro	LZ Hi-Fi Audio A2 Pro	inear
A2000X	Audio-Technica ATH-A2000X	onear
A2000Z	Audio-Technica ATH-A2000Z	onear
A2e	64 Audio A2e	inear
A2H V2	AAW A2H V2	inear
A3000	Final Audio A3000	inear
A3H	AAW A3H	inear
A3H 2019	AAW A3H 2019	inear
A3H Plus	AAW (Advanced AcousticWerkes) A3H Plus	inear
A3H V2	AAW A3H V2	inear
A4 Pro Black	LZ Hi-Fi Audio A4 Pro (black nozzle, black vent)	inear
A4 Pro Black-Blue	LZ Hi-Fi Audio A4 Pro (black nozzle, blue vent)	inear
A4 Pro Black-Red	LZ Hi-Fi Audio A4 Pro (black nozzle, red vent)	inear
A4 Pro Blue-Black	LZ Hi-Fi Audio A4 Pro (blue nozzle, black vent)	inear
A4 Pro Red-Black	LZ Hi-Fi Audio A4 Pro (red nozzle, black vent)	inear
A4 Pro Silver-Black	LZ Hi-Fi Audio A4 Pro (silver nozzle, black vent)	inear
A40 TR	ASTRO Gaming A40 TR	onear
A4000	Final Audio A4000	inear
A4t	64 Audio A4t	inear
A6t	64 Audio A6t	inear
A6t DEC14	64 Audio A6	inear
A6t M20	64 Audio A6t (m20 Apex module)	inear
A71	Fidue A71	inear
A8	Moondrop A8	inear
A8 BLON	BLON BL-A8 Prometheus	inear
A8 Cardas	Cardas A8	inear
A8000	Final Audio A8000	inear
A900X	Audio-Technica ATH-A900X	onear
A91	Fidue A91 Sirius	inear
A990Z	Audio-Technica ATH-A990Z	onear
AB-1266 Phi	Abyss AB-1266 Phi	onear
AB-1266 Phi CC	Abyss AB-1266 Phi CC	onear
AB-1266 Phi CC Lite	Abyss AB-1266 Phi CC Lite	onear
Ace		ignore
Ace 00	Aroma Audio Ace (off-off)	inear
Ace 02	Aroma Audio Ace (off-on)	inear
Ace 10	Aroma Audio Ace (on-off)	inear
Ace 12	Aroma Audio Ace (on-on)	inear
ACH	AAW ACH	inear
ACME 8	Fearless Audio ACME 8	inear
Acoustic Deer	Heartfield Acoustic Deer	inear
Active65	Jabra Elite Active 65t	inear
AD1000X	Audio-Technica ATH-AD1000X	onear
AD2000	Audio-Technica ATH-AD2000	onear
AD500X	Audio-Technica ATH-AD500X	onear
AD700X	Audio-Technica ATH-AD700X	onear
AD900X	Audio-Technica ATH-AD900X	onear
Adagio 3	Final Audio III	inear
Adonis	Queen of Audio Adonis	inear
ADX5000	Audio-Technica ATH-ADX5000	onear
ADX5000 (A2000Z AD2000X)	Audio-Technica ATH-ADX5000 (Yaxi A2000Z,AD2000X earpads)	onear
ADX5000 (Dekoni Elite Sheepskin)	Audio-Technica ATH-ADX5000 (Dekoni elite sheepskin earpads)	onear
ADX5000 (Dekoni fensheep)	Audio-Technica ATH-ADX5000 (Dekoni fenestrated sheepskin earpads)	onear
Aeolus	ZMF Aeolus	onear
Aeolus (perf Universe suede)	ZMF Aeolus (universal perforated suede earpads)	onear
Aeolus UP	ZMF Aeolus (universal perforated earpads)	onear
Aeon 2 Closed	Dan Clark Audio Aeon 2 Closed	onear
Aeon 2 Noire	Dan Clark Audio Aeon 2 Noire	onear
Aeon 2 Open	Dan Clark Audio Aeon 2 Open	onear
Aeon Flow Closed (Medium damping)	Dan Clark Audio Aeon Flow Closed (white filter with one notch)	onear
Aeon Flow Closed (Minimum damping)	Dan Clark Audio Aeon Flow Closed (black filter)	onear
Aeon Flow Open	Dan Clark Audio Aeon Flow Open	onear
Aether	Lime Ears Aether	inear
Aether Bass	Lime Ears Aether (bass)	inear
Aether R	Lime Ears Aether R	inear
Aether R Bass	Lime Ears Aether R (bass)	inear
AG2	Audio Genetic AG2	inear
AH-D5000	Denon AH-D5000	onear
AH-D5200	Denon AH-D5200	onear
AH-D7200	Denon AH-D7200	onear
AH-D9200	Denon AH-D9200	onear
Air 2	FitEar Air 2	inear
AirPods Max	Apple AirPods Max	onear
AirPods Pro	Apple AirPods Pro (sample 1)	inear
AirPods Pro 2 ANC	Apple AirPods Pro 2 (ANC mode)	inear
AirPods Pro 2 Passive	Apple AirPods Pro 2 (passive mode)	inear
AirPods Pro 2 Transparency	Apple AirPods Pro 2 (transparency mode)	inear
AirPods Pro S2	Apple AirPods Pro (sample 2)	inear
Airship	Seek Real Audio Airship	inear
Aiva	Sendy Aiva	onear
AK6	QKZ AK6	inear
Aladdin	Yanyin Aladdin	inear
AM05	iBasso AM05	inear
AM16	Ambient Acoustics AM16	inear
AM24	Ambient Acoustics AM24	inear
AM7	Ambient Acoustics AM7	inear
AM7 Blue	Ambient Acoustics AM7 (blue)	inear
AM7 Red	Ambient Acoustics AM7 (red)	inear
AM7 Yellow	Ambient Acoustics AM7 (yellow)	inear
AM7ed	Ambient Acoustics AM7 (red)	inear
Amiron Home	Beyerdynamic Amiron Home (sample 1)	onear
Amiron Home S2	Beyerdynamic Amiron Home (sample 2)	onear
Amperior	Sennheiser Amperior	onear
Ananda	HIFIMAN Ananda	onear
ANC300TW	Audio-Technica ATH-ANC300TW	inear
Andromeda	Campfire Audio Andromeda (sample 1)	inear
Andromeda 2020	Campfire Audio Andromeda 2020	inear
Andromeda Gold	Campfire Audio Andromeda Gold	inear
Andromeda S2	Campfire Audio Andromeda (sample 2)	inear
Andromeda S3	Campfire Audio Andromeda (sample 3)	inear
Andromeda S3 IEMatch	Campfire Audio Andromeda (sample 3) IEMatch	ignore
Andromeda SS	Campfire Audio Andromeda SS	inear
Angie 2oclock	JH Audio Angie (2 o’clock)	inear
Angie Max	JH Audio Angie (max)	inear
Angie Min	JH Audio Angie (min)	inear
Annihilator	Elysian Annihilator (sample 2)	inear
Annihilator 2021 S2	Elysian Annihilator DIO 2021	inear
Anole V14 0000	qdc Anole V14 (0000 setting)	inear
Anole V14 0004	qdc Anole V14 (0004 setting)	inear
Anole V14 0030	qdc Anole V14 (0030 setting)	inear
Anole V14 0200	qdc Anole V14 (0200 setting)	inear
Anole V14 1000	qdc Anole V14 (1000 setting)	inear
Anole V14 1234	qdc Anole V14 (1234 setting)	inear
Anole V3	qdc Anole V3	inear
Anole V3 Bass	qdc Anole V3 (bass)	inear
Anole V3 Bass Treble	qdc Anole V3 (bass, treble)	inear
Anole V3 Treble	qdc Anole V3 (treble)	inear
Anole V6	qdc Anole V6	inear
Anole V6 Bass	qdc Anole V6 (bass)	inear
Anole V6 Bass Mids	qdc Anole V6 (bass, mids)	inear
Anole V6 Mids	qdc Anole V6 (mids)	inear
Anole VX	qdc Anole VX	inear
Anole VX All	qdc Anole VX All	inear
Anole VX Bass	qdc Anole VX (bass)	inear
Anole VX Mids	qdc Anole VX (mids)	inear
Anole VX Treble	qdc Anole VX (treble)	inear
Answer	Dita Audio Answer	inear
Aonic 3	Shure Aonic 3	inear
Aonic 4	Shure Aonic 4	inear
Aonic 5 Bright	Shure Aonic 5 (bright filter)	inear
Aonic 5 Neutral	Shure Aonic 5 (default filter)	inear
Aonic 5 Warm	Shure Aonic 5 (warm filter)	inear
Aonic 50	Shure AONIC 50	onear
AQ3	Audiosense AQ3	inear
AQ4	Audiosense AQ4	inear
AQ7	Audiosense AQ7	inear
AR-H1	Acoustic Research AR-H1	onear
Ara	Campfire Audio Ara	inear
Ares	VSonic Ares	inear
Argentum	Craft Ears Argentum	inear
Aria 2021	Moondrop Aria 2021	inear
Aria SE	Moondrop Aria Snow Edition	inear
Artemis	Elysian Artemis	inear
Artemis V2	Elysian Artemis V2	inear
Arya	HIFIMAN Arya	onear
Arya Stealth	HIFIMAN Arya Stealth	onear
AS10	KZ AS10	inear
AS16	KZ AS16	inear
AS800	Sony MDR-AS800	onear
ASF	KZ ASF	inear
ASH	AAW ASH (sample 1)	inear
ASH S2	AAW ASH (sample 2)	inear
Ash Yinyoo	Yinyoo Ash	inear
ASX	KZ ASX	inear
Aten Blue-Silver	IMR Acoustics Aten (silver nozzle, blue filter)	inear
Atlantis	NocturnaL Audio Atlantis	inear
Atlas	Campfire Audio Atlas (sample 1)	inear
Atlas S2	Campfire Audio Atlas (sample 2)	inear
Atrium (BE2 perforated lambskin pads)	ZMF Atrium (perforated lambskin BE2 earpads)	onear
Atticus	ZMF Atticus	onear
Atticus (Eikon suede)	ZMF Atticus (Eikon suede earpads)	onear
Aurora	Symphonium Audio Aurora	inear
Aurum	Craft Ears Aurum	inear
Aurvana Trio	Creative Aurvana Trio	inear
Australis	Aurorus Australis	ignore
Australis RM	Aurorus Australis	onear
Auteur (perflamb)	ZMF Auteur (perforated Auteur lambskin earpads)	onear
Auteur Blackwood	ZMF Auteur Blackwood	onear
Auteur Blackwood UP	ZMF Auteur Blackwood (universal perforated earpads)	onear
Auteur Cocobolo	ZMF Auteur Cocobolo	onear
Auteur Teak	ZMF Auteur Teak	onear
Autumn Bass	BQEYZ Autumn (bass filter)	inear
Autumn Normal	BQEYZ Autumn (normal filter)	inear
Autumn Treble	BQEYZ Autumn (treble filter)	inear
Avalon	NocturnaL Audio Avalon	inear
Aventho Wireless	Beyerdynamic Aventho Wireless	onear
AWAS	Audio-Technica ATH-AWAS	onear
AWK-009	Seahf AWK-009	inear
AWKT	Audio-Technica ATH-AWKT	onear
AXH	AAW AXH	inear
AXH 2019	AAW AXH 2019	inear
Axiom	Effect Audio Axiom	inear
Aya	FitEar Aya	inear
Azul	Prisma Azul	inear
B1	Final Audio B1	inear
B2	Final Audio B2	inear
B2 Shozy	Shozy B2	inear
B20	BLON B20	onear
B3	Final Audio B3	inear
B400	Brainwavz B400 (sample 1)	inear
B400 S2	Brainwavz B400 (sample 2)	inear
B60	BLON B60	onear
B60 S2	BLON B60 (sample 2)	onear
BA10	KZ BA10	inear
BA5	TRN BA5	inear
Balance 2M	TFZ Balance 2M	inear
Baldr	Kinera Baldr	inear
Barcelona	Fearless Audio Barcelona	inear
Barracuda X	Razer Barracuda X	onear
Basic	Oriveti Basic	inear
Bass	HYLA TE-5B	inear
Basso	Zero Audio Carbo Basso ZH-DX210-CB	inear
Basso NXEars	NXEars Basso	inear
Bastille-R	Soranik Bastille-R	inear
Bastille-V	Soranik Bastille-V	inear
BAX	TRN BAX	inear
BD005	Kinera BD005	inear
BD005 Pro	Kinera BD005 Pro	inear
BD4-2	Lear LCM BD4.2	inear
Be	Periodic Audio Be	inear
Bella	NCM Bella	inear
Benbulbin	Nostalgia Audio Benbulbin	inear
BeoPlay H7	Bang & Olufsen BeoPlay H7	onear
Bevi	Lypertek Bevi	inear
Beyerdynamic DT 1990 (Balanced Earpads)	Beyerdynamic DT 1990 (balanced earpads)	onear
BG	Shozy & Neo BG (sample 1)	inear
BG BlueGold	Shozy BG Blue Limited Edition	inear
BG S2	Shozy & Neo BG (sample 2)	inear
BIE	Venture Electronics Bonus In-Ears (BIE)	inear
Big Bus	Big Bus Earbuds	inear
Biggie	Venture Electronics Monk IE Biggie	inear
Billets	MUNITIO Billets	inear
Billie Jean	JH Audio Billie Jean	inear
BL-Max	BLON BL-Max	inear
BL03	BLON BL-03 (sample 1)	inear
BL03 S3	BLON BL-03 (sample 3)	inear
BL05	BLON BL-05	inear
Black Hole	Shozy Black Hole	inear
Black Hole Mini	Shozy Black Hole Mini	inear
Blackshark V2 Pro	Razer BlackShark V2 Pro	onear
Blackshark V2 X	Razer BlackShark V2 X	onear
Blade	EarSonics Blade	inear
Blessing	Moondrop Blessing	inear
Blessing 2	Moondrop Blessing 2	inear
Blessing 2 S2	Moondrop Blessing 2 (sample 2)	inear
Borealis	Aurorus Borealis	onear
BR5 Mk2	Rose BR5 Mk2	inear
Brass	Dita Audio Brass	inear
Bravado	Empire Ears Bravado	inear
Bravado Mk2	Empire Ears Bravado Mk2	inear
Bravery	SeeAudio Bravery	inear
Buds Plus	Samsung Galaxy Buds Plus	inear
Buds2	Samsung Galaxy Buds2	inear
Buds2 Pro Ambient	Samsung Galaxy Buds2 Pro (ambient mode)	inear
Buds2 Pro ANC	Samsung Galaxy Buds2 Pro (ANC mode)	inear
Buds2 Pro ANC (Bass Boost)	Samsung Galaxy Buds2 Pro (bass boost EQ) (ANC mode)	inear
Buds2 Pro ANC (Clear)	Samsung Galaxy Buds2 Pro (blear EQ) (ANC mode)	inear
Buds2 Pro ANC (Dynamic)	Samsung Galaxy Buds2 Pro (dynamic EQ) (ANC mode)	inear
Buds2 Pro ANC (Soft)	Samsung Galaxy Buds2 Pro (soft EQ) (ANC mode)	inear
Buds2 Pro ANC (Treble Boost)	Samsung Galaxy Buds2 Pro (treble boost EQ) (ANC mode) (sample 1)	inear
Buds2 Pro Passive	Samsung Galaxy Buds2 Pro (Passive mode)	inear
Buds2 Pro S2		ignore
Buds2 Pro S2 ANC (Treble Boost)		ignore
Bullet In-Ear	MUNITIO Bullet In-Ear	inear
C10	CCA C10	inear
C12	CCA C12	inear
C16	CCA C16	inear
C6 C	Craft Ears Craft SIX (CIEM)	inear
Cal1H	Altiat Cal.1H	onear
Canary	AAW Canary (sample 1)	inear
Canary S2	AAW Canary (sample 2)	inear
Canon 000	Yanyin Canon (000 setting)	inear
Canon 003	Yanyin Canon (003 setting)	inear
Canon 020	Yanyin Canon (020 setting)	inear
Canon 100	Yanyin Canon (100 setting)	inear
Canon 123	Yanyin Canon (123 setting)	inear
Cascade	Campfire Audio Cascade	onear
CD2000	Sony MDR-CD2000	onear
CD900ST	Sony MDR-CD900ST	onear
CE-5	HYLA CE-5 (sample 1)	inear
CE2	Craft Ears Craft TWO	inear
CE5 S2	HYLA CE-5 (sample 2)	inear
Ceberus		ignore
Celestee	Focal Celestee	onear
Ceres	Shozy Ceres	inear
Chu	Moondrop Chu	inear
CK3TW	Audio-Technica ATH-CK3TW	inear
CK5TW	Audio-Technica ATH-CKS5TW	inear
CKR7TW	Audio-Technica ATH-CKR7TW	inear
CL1	RHA CL1	inear
CL2	RHA CL2	inear
CL2 S2	RHA CL2	inear
CL750	RHA CL750	inear
Clairvoyance	ThieAudio Clairvoyance	inear
Clairvoyance 100ohm	ThieAudio Clairvoyance (100 ohm resistor)	inear
Clariar	Clariar i640	inear
Clear	Focal Clear	onear
Clear (Mg pads)	Focal Clear (Focal Clear Mg earpads)	onear
Clear Mg	Focal Clear Mg	onear
Clipper	Rhapsodio Clipper	inear
Club Sound	Just Ear Club Sound	inear
Co-Donguri	Ocharaku Co-Donguri Shizuku (sample 1)	inear
Co-Donguri Shizuku S2	Ocharaku Co-Donguri Shizuku (sample 2)	inear
Comet	Campfire Audio Comet	inear
Contour XO 2oclock	JH Audio Contour XO (half bass)	inear
Contour XO Max Bass	JH Audio Contour XO (max bass)	inear
Contour XO Min Bass	JH Audio Contour XO (min bass)	inear
Cora	Tanchjim Cora	inear
Cora V2	Elysian Cora V2	inear
Cozoy Trio	Cozoy Trio	inear
CP	Shozy & Neo CP	inear
CRA	CCA CRA	inear
Craft SIX	Craft Ears Craft SIX	inear
CRBN S1	Audeze CRBN (sample 1)	onear
CRBN S2	Audeze CRBN (sample 2)	onear
Crescent	Moondrop Crescent	inear
CRN Proto	KZ x Crinacle CRN (ZEX Pro)	inear
CRN S2		ignore
Crossfade 2 Wireless	V-MODA Crossfade 2 Wireless	onear
Crossfade LP2	V-MODA Crossfade LP2	onear
Crystal Ball	Fearless Audio Crystal Ball	inear
Crystal6	HiBy Crystal 6	inear
CSN	CCA CSN	inear
CST	CCA CST	inear
CT200	Clear Tune CT-200	inear
CT300P	Clear Tune CT-300P	inear
CT500E	Clear Tune CT-500E (sample 1)	inear
CT500E S2	Clear Tune CT-500E (sample 2)	inear
CT6E	Clear Tune CT-6E (sample 1)	inear
CT6E S2	Clear Tune CT-6E (sample 2)	inear
Cupid	oBravo Cupid (sample 1)	inear
Cupid S2	oBravo Cupid (sample 2)	inear
Cupid S3	oBravo Cupid (sample 3)	inear
Cupid S4	oBravo Cupid (sample 4)	inear
Cuprum	Craft Ears Cuprum	inear
CX9	Pioneer SE-CX9	inear
D8000	Final Audio D8000	onear
D8000 Pro	Final Audio D8000 Pro Edition	onear
Daiso	Daiso $2 earphones	inear
Dark Magician	MiM Audio Dark Magician	inear
Dark Sky	FAudio Dark Sky	inear
Dark Soul	TForce Yuan Li Dark Soul	inear
Darling	Tanchjim Darling	inear
Dawn S2	Fearless Audio Dawn (sample 2)	inear
Dawn S3	Fearless Audio Dawn (sample 3)	inear
DEC 17 Test		ignore
Delphinus 5	Astrotec Delphinus 5	inear
Delta Air	Delta Air complimentary earphones	inear
DES-R		ignore
DES-Revised		ignore
DES-S		ignore
Deva (Passive)	HIFIMAN Deva (passive)	onear
Deva Pro	HIFIMAN Deva Pro	onear
DH298	SATOLEX Tubomi DH298-A1Bk	inear
DH302	SATOLEX Tubomi DH302-A1Bs	inear
DH310	SATOLEX Tubomi DH310-A1SS	inear
Diamond String	Veedix Diamond String	inear
Diana	JH Audio Diana	inear
Diana Phi	Abyss Diana Phi	onear
Diana V2	Abyss Diana V2	onear
Dio	Elysian Annihilator (sample 1)	inear
Dioko S1	7Hz Salnotes Dioko (sample 1)	inear
Dioko S2	7Hz Salnotes Dioko( sample 2)	inear
direm E3	Neusonik direm E3	inear
direm PRO	Neusonik direm PRO	inear
Diva Half Bass	Elysian Diva (half bass)	inear
Diva Max Bass	Elysian Diva (max bass)	inear
Diva Min Bass	Elysian Diva (min bass)	inear
DIY violator73	violator73 DIY 16 BA	inear
Django	Noble Audio Django	inear
DK-2001	DUNU DK2001	inear
DK3001 Pro	DUNU DK3001 Pro	inear
DK4001	DUNU DK4001	inear
DM200H	Dynamic Motion DM200H	inear
DM2A	Pai Audio DM2A	inear
DM6	BGVP DM6	inear
DM6 20ohm	BGVP DM6 20 Ohm	inear
DM6 75ohm	BGVP DM6 75 Ohm	inear
DM6 M	BGVP DM6 M	inear
DM7	BGVP DM7	inear
DMagic S2	qdc Dmagic (sample 2)	inear
DMG Black	BGVP DMG (black)	inear
DMG Gold	BGVP DMG (gold)	inear
DMG Silver	BGVP DMG (silver)	inear
DMS	BGVP DMS	inear
DN1000	DUNU DN1000	inear
DN2000	DUNU DN2000	inear
DN2002	DUNU DN2002	inear
DN3	BGVP DN3	inear
Dolores	HUM Dolores	inear
Donguri Keyaki	Ocharaku Donguri Keyaki	inear
Donguri Ti Plus	Ocharaku Donguri Ti Plus	inear
Doppio	Zero Audio Carbo Doppio ZH-BX700	inear
Dorado	Campfire Audio Dorado	inear
Dorado 2020	Campfire Audio Dorado 2020	inear
DQ6	KZ DQ6	inear
DQ6 S2	KZ DQ6 (sample 2)	inear
DQ6S	KZ DQ6S	inear
Dream	Dita Audio Dream (sample 1)	inear
Dream S2	Dita Audio Dream (sample 2)	inear
Dream XLS	Dita Audio Dream XLS	inear
DS1 Pro	BGVP DS1 Pro	inear
DT100	Audiosense DT100	inear
DT1350	Beyerdynamic DT 1350	onear
DT1770 Pro	Beyerdynamic DT 1770 Pro (velour earpads)	onear
DT1990 Pro	Beyerdynamic DT 1990 (balanced earpads)	onear
DT1990 Pro S2 (Analytical pads)	Beyerdynamic DT1990 Pro (analytical earpads) (sample 2)	onear
DT1990 Pro S2 (Analytical pads) (DIYAH filter)		ignore
DT1990 Pro S2 (Balanced pads)	Beyerdynamic DT1990 Pro (balanced earpads) (sample 2)	onear
DT1990 Pro S2 (Dekoni Elite Velour)	Beyerdynamic DT1990 Pro (Dekoni elite velour earpads) (sample 2)	onear
DT200	Audiosense DT200	inear
DT250 (80Ω)	Beyerdynamic DT 250 80 Ohm	onear
DT6	Senfer DT6	inear
DT600	Audiosense DT600	inear
DT600 80ohm	Audiosense DT600 (80 ohm resistor)	inear
DT770 Pro (250Ω)	Beyerdynamic DT 770 250 Ohm	onear
DT770 Pro (80Ω)	Beyerdynamic DT 770 80 Ohm	onear
DT860	Beyerdynamic DT 860	onear
DT880 Pro (32Ω)	Beyerdynamic DT 880 32 Ohm	onear
DT990 Pro (250Ω)	Beyerdynamic DT 990 250 Ohm	onear
Dual	Eartech Dual	inear
Dual Driver	1MORE Dual Driver	inear
Duke C	Venture Electronics Duke (CIEM)	inear
Dulce Bass	Noble Audio Dulce Bass	inear
Dunmer Pro	Tipsy Dunmer Pro	inear
Duo 64	64 Audio Duo	inear
Duoza	Zero Audio Duoza ZH-DWX10	inear
Dusk	Moondrop x Crinacle Blessing2 Dusk	inear
Dusk S2	Moondrop x Crinacle Blessing2 Dusk	inear
Dusk S3	Moondrop Blessing2 Dusk (sample 3)	inear
Dusk S4	Moondrop Blessing2 Dusk (sample 4)	inear
Dusk S5	Moondrop x Crinacle Blessing2 Dusk (sample 5)	inear
E10	KZ E10	inear
E1000	Final Audio E1000	inear
E11	SoundMAGIC E11	inear
E2	Anthem Five E2 (CIEM)	inear
E2000	Final Audio E2000 (sample 1)	inear
E2000 S2	Final Audio E2000 (sample 2)	inear
E25	Raycon E25	inear
E3000 S2	Final Audio E3000 (sample 2)	inear
E3000 S3	Final Audio E3000 (sample 3)	inear
E4	Anthem Five E4 (CIEM)	inear
E4000	Final Audio E4000 (sample 1)	inear
E4000 S2	Final Audio E4000 (sample 2)	inear
E5000	Final Audio E5000 (sample 1)	inear
E5000 S2	Final Audio E5000 (sample 2)	inear
E70	Audio-Technica ATH-E70	inear
E8	Bang & Olufsen Beoplay E8	inear
E8 2.0	Bang & Olufsen Beoplay E8 2.0	inear
E900	Onkyo E900	inear
E900 Pro	EKSA E900 Pro	onear
EA3	Jade Audio EA3	inear
EAH-AZ70W	Technics EAH-AZ70W	inear
Earfun x Oluv Free Pro	EarFun Free Pro (Oluv Edition)	inear
Early	Aroma Audio Early	inear
Echo	Tanchjim Echo	inear
Eclipse	FiiO FHE Eclipse	inear
ED SE	KZ ED Special Edition	inear
ED16	KZ ED16	inear
EDC3	NuForce EDC3	inear
Eden	NocturnaL Audio Eden	inear
Eden Fatfreq	Fatfreq Eden	inear
Edition X V2	HIFIMAN Edition X V2	onear
EDX Pro	KZ EDX Pro	inear
EDX Pro S2	KZ EDX Pro (sample 2)	inear
EH	fix Event Horizon	inear
EH3	FiiO EH3	inear
Ei3	Custom Art Ei.3	inear
Eikon	ZMF Eikon	onear
Eikon (Eikon lambskin)	ZMF Eikon (Eikon lambskin earpads)	onear
EJ07	Shuoer EJ07	inear
EJ07M	Shuoer EJ07	inear
EK3	Simgot Audio EK3 (off-off)	inear
EK3 1	Simgot Audio EK3 (off-on)	inear
EK3 2	Simgot Audio EK3 (on-off)	inear
EK3 All	Simgot Audio EK3 (on-on)	inear
Elear	Focal Elear (sample 1)	onear
Elear S2	Focal Elear (sample 2)	onear
Elear S3 (Elex pads)	Focal Elear (Elex earpads)	onear
Elear S3 (Utopia pads)	Focal Elear (Utopia earpads)	onear
Electro	Alclair Electro	inear
Elegia	Focal Elegia	onear
Elise	Advanced Elise	inear
Elite (Alcantara pads)	Meze Elite (alcantara earpads)	onear
Elite (Hybrid pads)	Meze Elite (hybrid earpads)	onear
Elixir	Aure Audio Elixir	inear
Elixir TA	ThieAudio Elixir	inear
Elsa	Shozy Elsa	inear
Elysian X	Elysian X	inear
Elysium	Vision Ears Elysium	inear
EM10	EarSonics EM10	inear
EM2	Simgot Audio EM2	inear
EM32	EarSonics EM32	inear
EM4	EarSonics EM4	inear
EM5	Simgot Audio EM5	inear
EM5H	Simgot Audio EM5H	inear
EM6	EarSonics EM6	inear
EM6W	Eternal Melody EM6W	inear
Empyrean	Meze Empyrean	onear
Empyrean S2	Meze Empyrean (sample 2)	onear
EN700	Simgot Audio EN700	inear
EN700 Pro	Simgot Audio EN700 Pro	inear
EPH100	Yamaha EPH-100	inear
Equinox	Campfire Audio Equinox	inear
ER2SE	Etymotic ER2SE	inear
ER2XR	Etymotic ER2XR (sample 1)	inear
ER2XR S2	Etymotic ER2XR (sample 2)	inear
ER2XR S3	Etymotic ER2XR (sample 3)	inear
ER2XR TF		ignore
ER3SE	Etymotic ER3SE	inear
ER3XR	Etymotic ER3XR	inear
ER3XR 75ohm	Etymotic ER3SE 75 ohm	inear
ER4B	Etymotic ER4B	inear
ER4P	Etymotic ER4P	inear
ER4S	Etymotic ER4S	inear
ER4S C	Etymotic ER4S (CIEM)	inear
ER4SR	Etymotic ER4SR	inear
ER4XR	Etymotic ER4XR	inear
ERA-1	QUAD Era-1	onear
Ergo 2	Precide ERGO 2	onear
Erlkonig 1	Vision Ears Erlkönig 1	inear
Erlkonig 2	Vision Ears Erlkönig 2	inear
Erlkonig 3	Vision Ears Erlkönig 3	inear
Erlkonig 4	Vision Ears Erlkönig 4	inear
Eros	Elysian Eros	inear
ES-1a	ES Lab ES-1a	onear
ES12 000	BGVP ES12 (off-off-off)	inear
ES12 003	BGVP ES12 (off-off-on)	inear
ES12 020	BGVP ES12 (off-on-off)	inear
ES12 100	BGVP ES12 (on-off-off)	inear
ES12 123	BGVP ES12 (on-on-on)	inear
ES2	EarSonics ES2	inear
ES3	EarSonics ES3	inear
ES4	KZ ES4	inear
ES5	EarSonics ES5	inear
ES60 C	Westone ES60 (CIEM)	inear
ES9	EarSonics S-EM9	inear
ESP95X	Koss ESP95X	onear
ESR	Empire Ears ESR	inear
ESR Mk2	Empire Ears ESR Mk2	inear
EST	FitEar EST	inear
EST 112	DUNU EST 112	inear
Eternal	7Hz Eternal	inear
Ether 2	Dan Clark Audio Ether 2	onear
Ether C	Dan Clark Audio Ether C	onear
Ether C Flow 1.1	Dan Clark Audio Ether C Flow 1.1	onear
Ether Flow 1.1	Dan Clark Audio Ether Flow 1.1	onear
Euclid	Audeze Euclid	inear
Eve 20	Vision Ears EVE 20	inear
EVO Ety	Etymotic EVO	inear
Evo X	Advanced Evo X	inear
EVR	Empire Ears EVR	inear
EVR Mk2	Empire Ears EVR Mk2	inear
EW9	Audio-Technica ATH-EW9	onear
EX1000 S1	Sony MDR-EX1000 (sample 1)	inear
EX1000 S2	Sony MDR-EX1000 (sample 2)	inear
EX1000 S3	Sony MDR-EX1000 (sample 3)	inear
EX1000 S4	Sony MDR-EX1000 (sample 4)	inear
EX1000 S6	Sony MDR-EX1000 (sample 6)	inear
EX510 Filterless	Sony MDR-EX510 (no filter)	inear
EX800	Sony MDR-EX800ST (sample 1)	inear
EX800ST S2	Sony MDR-EX800ST (sample 2)	inear
EX800ST S3	Sony MDR-EX800ST (sample 3)	inear
Excalibur	ThieAudio Excalibur	inear
Exclusive 1	TFZ Exclusive 1	inear
Exclusive 3	TFZ Exclusive 3	inear
Exclusive 5	TFZ Exclusive 5	inear
EXT	Vision Ears EXT	inear
F111	FitEar F111	inear
F111 Clone	Fake Taobao F111	ignore
F3	FiiO F3	inear
F4100	Final Audio F4100	inear
F5	FiiO F5	inear
F7200	Final Audio F7200	inear
F9	FiiO F9	inear
F9 Pro	FiiO F9 Pro	inear
FA1	FiiO FA1	inear
FA7	FiiO FA7	inear
FA7S	FiiO FA7S	inear
FA9	FiiO FA9	inear
Falcon	Noble Audio Falcon	inear
Falcon Pro AI	DUNU Falcon Pro (Atmospheric Immersion filter)	inear
Falcon Pro Reference	DUNU Falcon Pro (Reference filter)	inear
Falcon Pro Transparency	DUNU Falcon Pro (Transparency filter)	inear
Fantasy	Cayin Fantasy	inear
FD01 Brass	JVC HA-FD01	inear
FD01 Modded	JVC FD01 (modded)	inear
FD01 S2	JVC HA-FD01	inear
FD02	JVC HA-FD02	inear
FD1	FiiO FD1	inear
FD5	FiiO FD5	inear
FD7	FiiO FD7	inear
FDX1 Blue	JVC HA-FDX1 (blue)	inear
FDX1 Green	JVC HA-FDX1 (green)	inear
FDX1 Stock	JVC HA-FDX1	inear
Fealty	Dita Audio Fealty	inear
FH1	FiiO FH1	inear
FH1S	FiiO FH1s	inear
FH3	FiiO FH3	inear
FH5	FiiO FH5 (sample 1)	inear
FH5 S2	FiiO FH5 (sample 2)	inear
FH5s	FiiO FH5s	inear
FH5s B	FiiO FH5s (bass switch on)	inear
FH5s BMT	FiiO FH5s (all switches on)	inear
FH5s M	FiiO FH5s (mid switch on)	inear
FH5s T	FiiO FH5s (treble switch on)	inear
FH7	FiiO FH7	inear
FH9 Black	FiiO FH9 (black filter)	inear
FH9 Green	FiiO FH9 (green filter)	inear
FH9 Red	FiiO FH9 (red filter)	inear
FI-DO6SS ANT20	Final Audio FI-DO6SS ANT20	inear
FIBAE 1	Custom Art FIBAE 1	inear
FIBAE 2	Custom Art FIBAE 2	inear
FIBAE 3	Custom Art FIBAE 3	inear
FIBAE 4	Custom Art FIBAE 4	inear
FIBAE 7	Custom Art FIBAE 7	inear
FIBAE Black	Custom Art FIBAE Black	inear
FIBAE ME	Custom Art FIBAE ME	inear
Fidelity	Dita Audio Fidelity	inear
Finschi	Oriolus Finschi	inear
Finschi Hifi	Oriolus Finschi Hifi	inear
Fitear	FitEar Fitear	inear
fixKen	fix Bespoke Edition (Leneo)	inear
Flame	Aure Audio Flame	inear
Flamenco	Jomo Audio Flamenco (sample 1)	inear
Flamenco Bass	Jomo Audio Flamenco (bass)	inear
Flamenco Bass Treble	Jomo Audio Flamenco (bass, treble) (sample 1)	inear
Flamenco S2	Jomo Audio Flamenco (sample 2)	inear
Flamenco S2 Bass Treble	Jomo Audio Flamenco (bass, treble) (sample 2)	inear
Flamenco Treble	Jomo Audio Flamenco (treble)	inear
Flat-4 Akakeyaki	Ocharaku Flat-4 Akakeyaki	inear
Flat-4 Akazakura	Ocharaku Flat-4 Akazakura	inear
Flat-4 Kaede Type 1	Ocharaku Flat-4 Kaede Type 1	inear
Flat-4 Kaede Type 2	Ocharaku Flat-4 Kaede Type 2	inear
Flat-4 Ti Plus	Ocharaku Flat-4 Ti Plus	inear
FLY ANC	Harman Kardon FLY ANC	onear
Form 1.1	Shozy Form 1.1	inear
Forsteni	Oriolus Forsteni (sample 1)	inear
Forsteni S2	Oriolus Forsteni (sample 2)	inear
Fourte	64 Audio Tia Fourte (sample 1)	inear
Fourte Noir	64 Audio Tia Fourte Noir	inear
Fourte S2	64 Audio Tia Fourte (sample 2)	inear
Freya	Kinera Freya	inear
Fusion	Itsfit Lab Fusion	inear
Fusion itsfitlabs	Itsfit Lab Fusion	inear
FW01	JVC HA-FW01	inear
FW02	JVC HA-FW02	inear
FW03	JVC HA-FW03	inear
FW10000	JVC HA-FW10000	inear
FX99X	JVC HA-FX99X-B	inear
FXA9	Fender FXA9	inear
G PRO X	Logitech G Pro X	onear
G1	Audio-Technica ATH-G1	onear
G10	Future Sonics G10	inear
G200 (Lambskin pads)	HarmonicDyne G200 (lambskin earpads)	onear
G200 (Velour pads)	HarmonicDyne G200 (velour earpads)	onear
G431	Logitech G431	onear
G933s	Logitech G933s	onear
Galaxy Buds	Samsung Galaxy Buds	inear
Galaxy Buds Pro	Samsung Galaxy Buds Pro	inear
Gemini	qdc Gemini	inear
Gemini Bass	qdc Gemini (bass)	inear
GK10	Geek Wold GK10	inear
GK3	Geek Wold GK3	inear
GL12	Gold Planar GL12 (no filter)	inear
GL12 Filter	Gold Planar GL12 (filter)	inear
GL20	Gold Planar GL20	inear
GL20 EQ		ignore
GL2000 (double) (leather)	Gold Planar GL2000 double-sided (leather earpads)	onear
GL2000 (double) (perf hybrid)	Gold Planar GL2000 double-sided (perforated hybrid earpads)	onear
GL2000 (leather)	Gold Planar GL2000 (leather earpads)	onear
GL2000 (perf hybrid)	Gold Planar GL2000 (perforated hybrid earpads)	onear
GL850	Gold Planar GL850	onear
Gorham	NocturnaL Audio Gorham	inear
GR01	VSonic GR01	inear
GR07 BE	VSonic GR07 Bass Edition	inear
GR07 Classic	VSonic GR07 Classic	inear
GR07 Mk2	VSonic GR07 Mk2	inear
GR8	Grado GR8	inear
Grace	EarSonics Grace	inear
GT3 Bass	Advanced GT3	inear
GT3 Ref	Advanced GT3	inear
GT3 Superbass Bass	Advanced GT3 Superbass (bass)	inear
GT3 Superbass Ref	Advanced GT3 Superbass	inear
GT3 Superbass Treble	Advanced GT3 Superbass (treble)	inear
GT3 Superbassef	Advanced GT3 Superbassef	inear
GT3 Treble	Advanced GT3 (treble)	inear
GT3ef	Advanced GT3ef	inear
GW100	Grado GW100	onear
GYFU	Little Dot GYFU	onear
H1	Tripowin H1	onear
Hades	Elysian Hades	inear
Hades V2 Flat	Elysian Hades V2	inear
Hades V2 Music	Elysian Hades V2 (music)	inear
Hades V2 Stage	Elysian Hades V2 (stage)	inear
Haka	Jomo Audio Haka	inear
Halycon Bass	AAW Halcyon (bass filter)	inear
Halycon Norm	AAW Halcyon (norm filter)	inear
Halycon Vokal	AAW Halcyon (Vokal filter)	inear
Hana	Tanchjim Hana	inear
Hana 2021	Tanchjim Hana 2021	inear
Harmony 8.2	Custom Art Harmony 8.2	inear
Hayabusa Off	Fatfreq Hayabusa	inear
Hayabusa On	Fatfreq Hayabusa (bass switch on)	inear
HD25 Aluminium	Sennheiser HD 25 Aluminium	onear
HD25 Plus	Sennheiser HD 25 Plus	onear
HD250 BT	Sennheiser HD 250BT	onear
HD400S	Sennheiser HD 400 S	onear
HD559	Sennheiser HD 559	onear
HD560S	Sennheiser HD 560S (sample 1)	onear
HD560S S2	Sennheiser HD 560S (sample 2)	onear
HD579	Sennheiser HD 579	onear
HD580 (Black paper)	Sennheiser HD 580 (black paper)	onear
HD580 (Black silk)	Sennheiser HD 580 (black silk)	onear
HD580 (Silver screen)		ignore
HD580 (White paper)	Sennheiser HD 580 (white paper)	onear
HD58X	Sennheiser HD 58X	onear
HD599	Sennheiser HD 599	onear
HD600	Sennheiser HD 600 (sample 1)	onear
HD600 (2020) S2	Sennheiser HD600 2020	onear
HD600 S1 (worn pads)	Sennheiser HD 600 (worn earpads) (sample 1)	onear
HD600 S2	Sennheiser HD 600 (semi-worn earpads) (sample 2)	onear
HD600 S3 (2020) (fresh pads)		ignore
HD600 S3 (2020, fresh pads)	Sennheiser HD 600 (sample 3)	onear
HD600 S3 (worn pads)	Sennheiser HD 600 (worn earpads) (sample 3)	onear
HD650	Sennheiser HD 650	onear
HD650 S1 (worn pads)	Sennheiser HD 650 (worn earpads) (sample 1)	onear
HD650 S2 (2020) (fresh pads)		ignore
HD650 S2 (2020) (worn pads)		ignore
HD650 S2 (2020, fresh pads)	Sennheiser HD 650 (sample 2)	onear
HD650 S2 (2020, worn pads)	Sennheiser HD 650 (worn earpads) (sample 2)	onear
HD650 S3 (Worn-ish pads)		ignore
HD660S	Sennheiser HD 660 S	onear
HD800	Sennheiser HD 800 (sample 1)	onear
HD800 avg		ignore
HD800 S2	Sennheiser HD 800 (sample 2)	onear
HD800 S2 SDR	Sennheiser HD 800 (SDR mod) (sample 2)	onear
HD800 SDR	Sennheiser HD 800 (SDR mod) (sample 1)	onear
HD800S	Sennheiser HD 800 S (sample 1)	onear
HD800S S2	Sennheiser HD 800 S (sample 2)	onear
HD800S S3	Sennheiser HD 800 S (sample 3)	onear
HD820	Sennheiser HD 820	onear
HD8XX	Sennheiser HD 8XX	onear
HE-1	Sennheiser HE 1 Orpheus 2	onear
HE-1 (fresh pads)		ignore
HE-5	HIFIMAN HE-5	onear
HE-500 (FocusPad-A)	HIFIMAN HE-500 (FocusPad-A)	onear
HE-X4	HIFIMAN HE-X4	onear
HE01	Whizzer HE01	inear
HE1000 V1	HIFIMAN HE1000	onear
HE1000 V2	HIFIMAN HE1000 V2	onear
HE1000se	HIFIMAN HE1000se	onear
HE200	Fengru HE-200	inear
HE400i (2016)	HIFIMAN HE400i 2016	onear
HE400i (2020)	HIFIMAN HE400i 2020	onear
HE400se	HIFIMAN HE400se	onear
HE560	HIFIMAN HE560 V1	onear
HE560 V1 S2	HIFIMAN HE560 V1 (sample 2)	onear
HE5se	HIFIMAN HE5se	onear
HE5SE	HIFIMAN HE5se	onear
HE6 (6-screw) (Velour)	HIFIMAN HE6 (6-screw, velour earpads)	onear
HE6se	HIFIMAN HE6se	onear
HE6se V2	HIFIMAN HE6se V2	onear
Heaven 4	Final Audio Heaven 4	inear
Heaven 7	Final Audio Heaven 7	inear
Heaven 8	Final Audio Heaven 8	inear
Heaven S	Final Audio Heaven S	inear
HEDD Heddphone	HEDD HEDDphone	onear
HEDDphone	HEDD HEDDphone	onear
HEDDphone S2	HEDD HEDDphone (sample 2)	onear
HEK1K		ignore
Helios	HarmonicDyne Helios	onear
Helios Sym	Symphonium Audio Helios	inear
HEM1	NuForce HEM1	inear
Hero	Empire Ears Hero	inear
Hibiki	Shozy x AAW Hibiki	inear
Hibiki SE	Shozy x AAW Hibiki SE	inear
Hibiscus	FAAEAL Hibiscus	inear
Hive	Nectar Hive	onear
HL4300	Horluchs HL4300	inear
Holocene	Campfire Audio Holocene	inear
Homunculus	Metal Magic Research Homunculus	inear
Honeydew	Campfire Audio Honeydew	inear
HOOK-X	Raptgo Hook-X	inear
Horizon	AZLA Horizon	inear
HP-3	Klipsch Heritage HP-3	onear
HP-300	Yamaha HP-300	onear
HP-50S	Yamaha HP-50S	onear
HP3	Klipsch HP3	onear
HS1001	Acoustune HS1001	inear
HS1003	Acoustune HS1003	inear
HS1004	Acoustune HS1004 (sample 1)	inear
HS1004 S2	Acoustune HS1004 (sample 2)	inear
HS1300	Acoustune HS1300	inear
HS1501	Acoustune HS1501 (sample 1)	inear
HS1501 S2	Acoustune HS1501 (sample 2)	inear
HS1503	Acoustune HS1503	inear
HS1551	Acoustune HS1551	inear
HS1650	Acoustune HS1650	inear
HS1655	Acoustune HS1655	inear
HS1657	Acoustune HS1657	inear
HS1670	Acoustune HS1670	inear
HS1677	Acoustune HS1677	inear
HS1695	Acoustune HS1695	inear
HS1697	Acoustune HS1697	inear
HS2000MX	Acoustune HS2000MX	inear
Hua Jiang 2	JQ Hua Jiang (sample 2)	inear
Hyper S 12	Fearless Audio HyperS 12	inear
i430	Clariar i430	inear
I8	I-INTO i8	inear
Idun	Kinera Idun (sample 1)	inear
IDUN Deluxe	Kinera IDUN Deluxe	inear
Idun S2	Kinera Idun (sample 2)	inear
IE200 Proto		ignore
IE300	Sennheiser IE 300	inear
IE40 Pro	Sennheiser IE 40 Pro	inear
IE400 Pro	Sennheiser IE 400 Pro	inear
IE500 Pro	Sennheiser IE 500 Pro	inear
IE600	Sennheiser IE 600	inear
IE80 Half	Sennheiser IE 80 (half)	inear
IE80 Max	Sennheiser IE 80 (max)	inear
IE80 Min	Sennheiser IE 80 (min)	inear
IE800	Sennheiser IE 800	inear
IE800S	Sennheiser IE 800 S	inear
IE80S	Sennheiser IE 80 S (min)	inear
IE80S Half	Sennheiser IE 80 S (half)	inear
IE80S Max	Sennheiser IE 80 S (max)	inear
IE80S max	Sennheiser IE 80 S (max)	inear
IE900	Sennheiser IE 900	inear
IEX1	Audio-Technica ATH-IEX1	inear
iGE	Grado iGE	inear
IM01	Audio-Technica ATH-IM01	inear
IM02	Audio-Technica ATH-IM02	inear
IM03	Audio-Technica ATH-IM03	inear
In Air	INAIR M360	inear
Infinity Mk2	Rhapsodio Infinity Mk2	inear
IO	Campfire Audio IO (sample 1)	inear
IO S2	Campfire Audio IO (sample 2)	inear
ION-4 Vietnam	Soranik ION-4 (Vietnamese domestic market edition)	inear
Isabellae	Oriolus Isabellae	inear
iSIne 10	Audeze iSINE 10	inear
iSine 10	Audeze iSINE 10 (sample 1)	inear
iSine 10 S2	Audeze iSINE 10 (sample 2)	inear
iSine 20	Audeze iSINE 20	inear
iSine 20 Cipher	Audeze iSINE 20 (Cipher cable)	inear
IT00	iBasso IT00	inear
IT01	iBasso IT01 (sample 1)	inear
IT01 S2	iBasso IT01 (sample 2)	inear
IT01S	iBasso IT01S	inear
IT01X	iBasso IT01X	inear
IT03	iBasso IT03	inear
IT03w	iBasso IT03w	inear
IT04	iBasso IT04	inear
IT07	iBasso IT07	inear
Jade II	HIFIMAN Jade II	onear
Janus	ddHiFi E2020A Janus	inear
Jasper	AUNE Jasper	inear
Jazz	Jomo Audio Jazz	inear
JH13v2 2oclock	JH Audio 13v2 (2 o’clock)	inear
Jh13v2 2oclock	JH Audio 13v2 (2 o’clock)	inear
JH13v2 Max	JH Audio 13v2 (max)	inear
JH13v2 Min	JH Audio 13v2 (min)	inear
JH16v2 2oclock	JH Audio 16v2 (2 o’clock)	inear
JH16v2 Max	JH Audio 16v2 (max)	inear
JH16v2 Min	JH Audio 16v2 (min)	inear
Jimo	Kennerton Jimo	inear
Jolene 2oclock	JH Audio Jolene (half bass)	inear
Jolene Max	JH Audio Jolene (max bass)	inear
Jolene Min	JH Audio Jolene (min bass)	inear
JQ 4U Pro	JQ 4u Pro	inear
Juno Max Bass	Unknown Custom Juno	inear
Juno Min Bass	Unknown Custom Juno (min bass)	inear
K10	Noble Audio K10	inear
K10 Encore	Noble Audio K10 Encore	inear
K240 Studio	AKG K240 Studio	onear
K371	AKG K371	onear
K5	Magaosi K5	inear
K52	AKG K52	onear
K612 Pro	AKG K612 Pro	onear
K701	AKG K701	onear
K702	AKG K702	onear
K712 Pro	AKG K712	onear
K72	AKG K72	onear
K7XX	AKG K7XX	onear
K812	AKG K812	onear
K872 Pro	AKG K872 Pro	onear
K92	AKG K92	onear
Kaguya	SeeAudio Kaguya	inear
Kanas Pro	Moondrop Kanas Pro	inear
Katana	Noble Audio Katana	inear
Kato Brass	Moondrop Kato (brass nozzle)	inear
Kato Steel	Moondrop Kato (steel nozzle)	inear
Khan	Noble Audio Khan (sample 1)	inear
Khan S2	Noble Audio Khan (sample 1)	inear
Kicker	Aurisonics Kicker	inear
King Arthur	Effect Audio King Arthur (sample 1)	inear
King Arthur S2	Effect Audio King Arthur (sample 2)	inear
King Pro	TFZ King Pro	inear
Kingfisher	AAW Kingfisher	inear
KL-Corona	Kumitate Lab KL-Corona (sample 1)	inear
KL-Corona S2	Kumitate Lab KL-Corona (sample 2)	inear
KL-Focus Max Bass	Kumitate Lab KL-Focus (max bass)	inear
KL-Focus Min Bass	Kumitate Lab KL-Focus (min bass)	inear
KL-Focus Setting 2	Kumitate Lab KL-Focus Setting 2	inear
KL-Focus Setting 3	Kumitate Lab KL-Focus Setting 3	inear
KL-Kanon 6-Minus	Kumitate Lab KL-Kanon 6-Minus	inear
KL-Kanon 6-Plus	Kumitate Lab KL-Kanon 6-Plus	inear
KL-Meteo	Kumitate Lab KL-Meteo	inear
KL-REF Type-S	Kumitate Lab KL-REF Type-S	inear
KL-REF Type-S Half Bass	Kumitate Lab KL-REF Type-S (half bass)	inear
KL-REF Type-S Max Bass	Kumitate Lab KL-REF Type-S (max bass)	inear
KL-Sanka	Kumitate Lab KL-Sanka	inear
KL-Sanka B	Kumitate Lab KL-Sanka B	inear
KL-Sanka K	Kumitate Lab KL-Sanka K	inear
KL-Sirius	Kumitate Lab KL-Sirius	inear
KL-Sirius C	Kumitate Lab KL-Sirius (CIEM)	inear
KL-Trio Half	Kumitate Lab Trio (half)	inear
KL-Trio Max	Kumitate Lab Trio (max)	inear
KL-Trio Min	Kumitate Lab Trio (min)	inear
KL-Trio Min Test	Kumitate KL-Trio (min) (test)	ignore
KL-Unknown Max Treble	Kumitate Lab Unknown (max treble)	ignore
KL-Unknown Min Treble	Kumitate Lab Unknown (min treble)	ignore
KPH30i	Koss KPH30i	onear
KPH40	Koss KPH40	onear
Kraken V3 Pro	Razer Kraken V3 Pro	onear
KS3	Alpha & Delta KS3	inear
KSC75	Koss KSC75	onear
KSE1200	Shure KSE1200 (sample 1)	inear
KSE1200 S2	Shure KSE1200 (sample 2)	inear
KXXS	Moondrop KXXS	inear
L3 00	ThieAudio Legacy 3 (00 setting)	inear
L3 02	ThieAudio Legacy 3 (02 setting)	inear
L3 10	ThieAudio Legacy 3 (10 setting)	onear
L3 12	ThieAudio Legacy 3 (12 setting)	inear
L3 C 00	ThieAudio Legacy 3 (CIEM, 00 setting)	inear
L3 C 02	ThieAudio Legacy 3 (CIEM, 02 setting)	inear
L3 C 10	ThieAudio Legacy 3 (CIEM, 10 setting)	inear
L3 C 12	ThieAudio Legacy 3 (CIEM, 12 setting)	inear
L300	Stax SR-L300 (sample 1)	onear
L4 00	ThieAudio Legacy 4 (off-off)	inear
L4 02	ThieAudio Legacy 4 (off-on)	inear
L4 10	ThieAudio Legacy 4 (on-off)	inear
L4 12	ThieAudio Legacy 4 (on-on)	inear
L5	ThieAudio Legacy 5	inear
L500	Stax SR-L500 (sample 1)	onear
L5000	Audio-Technica ATH-L5000	onear
L700	Stax SR-L700	onear
L9	ThieAudio Legacy 9	inear
La Hire	Fearless Audio La Hire	inear
LAB1	Final Audio Lab 1	inear
LAB2 Fit 1	Final Audio Lab 1 Fit 1	inear
LAB2 Fit 2	Final Audio Lab 1 Fit 2	inear
Lancelot	Fearless Audio Lancelot	inear
Land 000	Tansio Mirai Land (off-off-off)	inear
Land 003	Tansio Mirai Land (off-off-on)	inear
Land 020	Tansio Mirai Land (off-on-off)	inear
Land 100	Tansio Mirai Land (on-off-off)	inear
Land 123	Tansio Mirai Land (on-on-on)	inear
Layla 2o_clock	JH Audio Layla (2 o’clock)	inear
Layla 2oclock	JH Audio Layla (2 o’clock)	inear
Layla AION 2o_clock	JH Audio Layla AION (2 o’clock)	inear
Layla AION 2oclock	JH Audio Layla AION (2 o’clock)	inear
Layla AION Max Bass	JH Audio Layla AION (max bass)	inear
Layla AION Min Bass	JH Audio Layla AION (min bass)	inear
Layla Max	JH Audio Layla (max)	inear
Layla Min	JH Audio Layla (min)	inear
LCD-1	Audeze LCD-1	onear
LCD-2 (Rosewood)	Audeze LCD-2 (Rosewood)	onear
LCD-2 Classic	Audeze LCD-2 Classic	onear
LCD-2 Closed Back	Audeze LCD-2 Closed Back	onear
LCD-2 Dekoni Fen	Audeze LCD-2 (Dekoni fenestrated sheepskin earpads)	onear
LCD-2.2 (Pre-Fazor) (Dekoni Elite Sheepskin)		ignore
LCD-2.2 (Pre-Fazor) (Dekoni Elite Velour)		ignore
LCD-24	Audeze LCD-24	onear
LCD-2C	Audeze LCD-2 Classic	onear
LCD-2C Closed	Audeze LCD-2 Closed Back	onear
LCD-3	Audeze LCD-3	onear
LCD-3 Dekoni Val		ignore
LCD-4	Audeze LCD-4	onear
LCD-5	Audeze LCD-5	onear
LCD-GX	Audeze LCD-GX	onear
LCD-i3	Audeze LCD-i3	inear
LCD-i3 BT Cipher	Audeze LCD-i3 (Cipher bluetooth)	inear
LCD-i4	Audeze LCD-i4	inear
LCD-MX4	Audeze LCD-MX4	onear
LCD-R	Audeze LCD-R	onear
LCD-X	Audeze LCD-X	onear
LCD-X (2021)	Audeze LCD-X	onear
LCD-X (7454544)	Audeze LCD-X (worn earpads) (sample 2)	onear
LCD-X (Fazor)	Audeze LCD-X	onear
LCD-XC (Fazor)	Audeze LCD-XC	onear
LE2	Lime Ears LE2	inear
Lea	Tripowin Leá	inear
Leaf	Raptgo Leaf D01	inear
Legacy	Unique Melody Legacy	inear
Legacy 2	ThieAudio Legacy 2	inear
Legend EVO	Empire Ears Legend EVO	inear
Legend Omega	EarWerkz Legend Omega	inear
Legend X	Empire Ears Legend X (sample 1)	inear
Legend X S2	Empire Ears Legend X (sample 2)	inear
Legend X SE	Empire Ears Legend X SE	inear
Liberty 2 Pro	Anker Soundcore Liberty 2 Pro	inear
Liberty Air 2	Anker SoundCore Liberty Air 2	inear
Liric	Meze Liric	onear
Listen Professional	Focal Listen Professional	onear
Live S2	Ultimate Ears Live (sample 2)	inear
LIVE300TWS	JBL Live 300TWS	inear
Lokahi	Linsoul Audio Lokahi	inear
Lola 2oclock	JH Audio Lola (2 o’clock)	inear
Lola Max	JH Audio Lola (max)	inear
Lola Min	JH Audio Lola (min)	inear
LS200	Audio-Technica ATH-LS200	inear
LS300	Audio-Technica ATH-LS300	inear
LS400	Audio-Technica ATH-LS400	inear
LS50	Audio-Technica ATH-LS50	inear
LSX S2	Lark Studio LSX	inear
Luna	DUNU Luna	inear
Lyndale	Ambient Dynamics AD-006 Lyndale	inear
M-TWE	Monoprice Monolith M-TWE	inear
M14 00	Mofasest M14 (00 setting)	inear
M14 02	Mofasest M14 (02 setting)	inear
M14 10	Mofasest M14 (10 setting)	inear
M14 12	Mofasest M14 (12 setting)	inear
M2 FiR	Fir Audio M2 (sample 1)	inear
M2 S2	Fir Audio M2 (sample 2)	inear
M3	Advanced M3	inear
M3 FiR	Fir Audio M3 (sample 1)	inear
M3 FiR S2	Fir Audio M3 (sample 2)	inear
M3 Noble	Noble Audio M3	inear
M3 S3	Fir Audio M3 (sample 3)	inear
M3 S4	Fir Audio M3 (sample 4)	inear
M30	Audio-Technica ATH-M30	onear
M4	Advanced M4	inear
M4 FiR	Fir Audio M4 (sample 1)	inear
M4 FiR S2	Fir Audio M4 (sample 2)	inear
M4 S3	Fir Audio M4 (sample 3)	inear
M4 S4	Fir Audio M4 (sample 4)	inear
M4 S5	Fir Audio M4 (sample 5)	inear
M40	Audio-Technica ATH-M40	onear
M40x	Audio-Technica ATH-M40x	onear
M5	Fir Audio M5 (sample 1)	inear
M5 C	Fir Audio M5 (CIEM)	inear
M5 S2	Fir Audio M5 (sample 2)	inear
M5 S3	Fir Audio M5 (sample 3)	inear
M5 S5	Fir Audio M5 (sample 4)	inear
M5 S6	Fir Audio M5 (sample 5)	inear
M5 S7	Fir Audio M5 (sample 7)	inear
M50X	Audio-Technica ATH-M50x	onear
M50x	Audio-Technica ATH-M50x (sample 1)	onear
M50x S2	Audio-Technica ATH-M50x (sample 2)	onear
M50xBT	Audio-Technica ATH-M50xBT	onear
M51D	Advanced M51D	inear
M55D	Advanced M55D	inear
M6Pro	MEE Audio M6 Pro	inear
M7	Sony IER-M7	inear
M70x	Audio-Technica ATH-M70x	onear
M9	Sony IER-M9 (sample 1)	inear
M9 S2	Sony IER-M9 (sample 2)	inear
M9 S2 Filterless	Sony IER-M9 (no filter)	inear
MA750	RHA MA750	inear
MAD16	Ambient Acoustics MAD16	inear
MAD24	Ambient Acoustics MAD24	inear
Maestro FF	Fatfreq Maestro	inear
Maestro Mini	Fatfreq Maestro Mini	inear
Maestro SE	Fatfreq Maestro SE	inear
Maestro V2	Unique Melody Maestro V2	inear
Make 2	Final Audio Make 2	inear
Mammoth	Campfire Audio Mammoth	inear
Martian	Unique Melody Martian	inear
Martin		ignore
Mason V3	Unique Melody Mason V3	inear
Mason V3 Ported	Unique Melody Mason V3 Ported	inear
Mason V3+	Unique Melody Mason V3+	inear
Massdrop Plus	Massdrop Plus Universal IEM	inear
Maven	Unique Melody Maven	inear
Mavis 2	Unique Melody Mavis 2	inear
MB01 (ANC off) (Wired)	Montblanc MB 01 (wired, ANC off)	onear
MB01 (ANC on) (Wireless)	Montblanc MB 01 (wireless, ANC)	onear
MDR-1AM2	Sony MDR-1AM2	onear
MDR-3	Sony MDR-3	onear
MDR-7510	Sony MDR-7510	onear
MDR-CD380	Sony MDR-CD380	onear
MDR-CD900ST	Sony MDR-CD900ST	onear
MDR-CD900ST (stPad microfiber)	Sony MDR-CD900ST (Yaxi stPad microfiber earpads)	onear
MDR-CD900ST (stPad2)	Sony MDR-CD900ST (Yaxi stPad2 earpads)	onear
MDR-M1ST	Sony MDR-M1ST	onear
MDR-MA900	Sony MDR-MA900	onear
MDR-V6	Sony MDR-V6	onear
MDR-Z1R	Sony MDR-Z1R	onear
MDR-Z7M2	Sony MDR-Z7M2	onear
MDR7550	Sony MDR-7550 (sample 1)	inear
MDR7550 S2	Sony MDR-7550 (sample 2)	inear
ME04	Meccaudio ME04	inear
ME1	Unique Melody ME1	inear
ME100	Shanling ME100	inear
ME20	Meccaudio ME20	inear
ME200	Shanling ME200	inear
ME500	Shanling ME500	inear
ME700	Shanling ME700	inear
ME700 Lite	Shanling ME700 Lite	inear
ME800 00	Shanling ME800 (00 setting)	inear
ME800 02	Shanling ME800 (02 setting)	inear
ME800 10	Shanling ME800 (10 setting)	inear
ME800 12	Shanling ME800 (12 setting)	inear
MEE Audio M6 PRO	MEE Audio M6 Pro	inear
Mele	Tripowin x HBB Mele	inear
Mellianus	Oriolus Mellianus	inear
Mercury	OpenAudio Mercury	inear
Merlin V2	Unique Melody Merlin V2	inear
MEST	Unique Melody MEST (universal)	inear
MEST C	Unique Melody MEST (CIEM)	inear
MEST Mk2	Unique Melody MEST Mk2	inear
MEXT	Unique Melody MEXT	inear
Meze 12	Meze 12 Classics	inear
Mezzo 000	FAudio Mezzo (000 setting)	inear
Mezzo 003	FAudio Mezzo (003 setting)	inear
Mezzo 020	FAudio Mezzo (020 setting)	inear
Mezzo 023	FAudio Mezzo (023 setting)	inear
Mezzo 100	FAudio Mezzo (100 setting)	inear
Mezzo 120	FAudio Mezzo (120 setting)	inear
Mezzo 123	FAudio Mezzo (123 setting)	inear
Mg	Periodic Audio Mg	inear
MG5HX	Future Sonics MG5HX	inear
MG600	Shanling MG600	inear
MH334	FitEar MH334	inear
MH334SR C	FitEar MH334SR (CIEM)	inear
MH335DW	FitEar MH335DW	inear
MH40	Master & Dynamic MH40	onear
MH750	Sony MH750	inear
MH755	Sony MH755 (sample 1)	inear
MH755 S2	Sony MH755 (sample 2)	inear
MH755 S3	Sony MH755 (sample 3)	inear
MH755 S4	Sony MH755 (sample 4)	inear
MH755 S5	Sony MH755 (sample 5)	inear
Mia	Cat Ear Audio Mia	inear
Micro BL Bass Off	iFi micro iDSD Black-Label Bass Off	ignore
Micro BL Bass On	iFi micro iDSD Black-Label Bass On	ignore
Midnight S1	SeeAudio x Crincale Yume Midnight	inear
Minerva	Elysian Minerva	inear
Mini MEST	Unique Melody Mini MEST	inear
Mini2	Rose Mini2	inear
Minor	FAudio Minor	inear
Minor S2	FAudio Minor (sample 2)	inear
Mira	ARC Mira	inear
Miracle V2	Unique Melody Miracle V2	inear
Mirage	Symphonium Audio Mirage	inear
Mirage UM	Unique Melody Mirage	inear
Mk2	Oriolus Japan Mk2 (sample 1)	inear
Mk2 S2	Oriolus Japan Mk2 (sample 2)	inear
Mk2 S3	Oriolus Japan Mk2 (sample 3)	inear
MK801	1MORE MK801	onear
MM-500	Audeze MM-500	onear
Mobius (Ballistics preset)	Audeze Mobius (ballistics preset)	onear
Mobius (Default preset)	Audeze Mobius (default preset)	onear
Mobius (Flat preset)	Audeze Mobius (flat preset)	onear
Mobius (Footsteps preset)	Audeze Mobius (footsteps preset)	onear
Mobius (Music preset)	Audeze Mobius (music preset)	onear
Mobius (Racing preset)	Audeze Mobius (racing preset)	onear
Mobius (RPG preset)	Audeze Mobius (RPG preset)	onear
Mockingbird	AAW Mockingbird	inear
Model X	Lime Ears Model X (sample 1)	inear
Model X Advanced	Advanced Model X	inear
Model X Bass	Lime Ears Model X (bass) (sample 1)	inear
Model X Bass S2	Lime Ears Model X (bass) (sample 2)	inear
Model X S2	Lime Ears Model X (sample 2)	inear
Mojito	Queen of Audio Mojito	inear
Momentum	Sennheiser Momentum In-Ear	inear
Momentum 2 Wireless	Sennheiser Momentum 2.0 Wireless	onear
Momentum 3 S2	Sennheiser Momentum 3 Wireless (sample 2)	onear
Momentum 3 S2 (HEST)	Sennheiser Momentum 3 Wireless (HEST)	onear
Momentum 3 Wireless	Sennheiser Momentum 3 Wireless	onear
Momentum 4 Wireless (Active)	Sennheiser Momentum 4 Wireless (active)	onear
Momentum 4 Wireless (Passive)	Sennheiser Momentum 4 Wireless (passive)	onear
Momentum TW	Sennheiser Momentum True Wireless	inear
Momentum TWS 2	Sennheiser Momentum True Wireless 2	inear
Momentum TWS 2 HEST	Sennheiser Momentum True Wireless 2 (High-End Sound Tuning mode)	inear
Monarch		ignore
Monarch Mk2	ThieAudio Monarch MKII	inear
Monarch S2	ThieAudio Monarch	inear
Monarch S2 100ohm	ThieAudio Monarch (100 Ohm resistor)	inear
Monarch S2 20ohm	ThieAudio Monarch (20 Ohm resistor)	inear
Monet 17	FitEar Monet 17	inear
Monitor 10	Pioneer Monitor 10	onear
Moonlight	Yanyin Moonlight	inear
MS4	Hidizs Mermaid MS4	inear
MSR7b	Audio-Technica ATH-MSR7b	onear
MT1	TRN MT1	inear
MT4	Mangird MT4	inear
MTW200	Shanling MTW200	inear
MTW3	Sennheiser Momentum True Wireless 3	inear
Musician FF	Fatfreq Musician	inear
Musician Plus	Fatfreq Musician Plus	inear
Musician Plus V2	Fatfreq Musician Plus V2	inear
Musician Pro FF	Fatfreq Musician Pro	inear
Musician Pro SE	Fatfreq Musician Pro SE	inear
MW07	Master & Dynamic MW07	inear
MW07 Go	Master & Dynamic MW07 Go	inear
MW07 Plus	Master & Dynamic MW07 Plus	inear
MX-4	Audeze MX-4	onear
Mylove	TFZ Mylove 2	inear
MYSPHERE 3.2	MySphere 3.2	onear
N3AP	Sony XBA-N3AP	inear
N400NC	AKG N400	inear
N5005 Bass Boost	AKG N5005 (bass boost)	inear
N5005 High	AKG N5005 (high)	inear
N5005 Mid High	AKG N5005 (mid high)	inear
N5005 Reference	AKG N5005 (reference)	inear
N5005eference	AKG N5005 Reference	inear
N700NC M2	AKG N700NC M2	onear
N8 C S6	64 Audio N8 (CIEM) (sample 6)	inear
N8 DD disabled	64 Audio N8 (dd disabled)	inear
N8 M15	64 Audio N8 (m15 Apex module) (sample 1)	inear
N8 M15 C S2	64 Audio N8 (m15 Apex module) (CIEM) (sample 2)	inear
N8 M15 C S3	64 Audio N8 (m15 Apex module) (CIEM) (sample 3)	inear
N8 M15 C S4	64 Audio N8 (m15 Apex module) (CIEM) (sample 4)	inear
N8 M15 C S5	64 Audio N8 (m15 Apex module) (CIEM) (sample 5)	inear
N8 M15 pre-RMA	64 Audio N8 (m15 Apex module, pre-RMA)	ignore
N8 M15 RMA	64 Audio N8 (m15 Apex module, RMA)	ignore
N8 M15 S3	64 Audio N8 (m15 Apex module) (sample 3)	inear
N8 M15 S4	64 Audio N8 (m15 Apex module) (sample 4)	inear
N8 M15MA	64 Audio N8 M15MA	ignore
N8 M20 C	64 Audio N8 (CIEM, m20 Apex module)	inear
N8 Mod	64 Audio N8 (modded)	inear
N8 Mod M20	64 Audio N8 (m20 Apex module, modded)	inear
N8 Mod None	64 Audio N8 (modded)	ignore
N8 None C	64 Audio N8 (CIEM) (sample 1)	inear
N8 None C S2	64 Audio N8 (CIEM) (sample 2)	inear
N8 None C S3	64 Audio N8 (CIEM) (sample 3)	inear
N8 Vent Blocked	64 Audio N8 (vent blocked)	inear
N8t M15	64 Audio N8t (m15 Apex module)	inear
Nan-6	Nan-6 Nan-6	onear
Nanna	Kinera Nanna	inear
Nanna 2.0	Kinera Nanna 2.0	inear
NDH 20	Neumann NDH20	onear
NDH20	Neumann NDH20	onear
Nekocake	Moondrop Nekocake	inear
Nekocake Acht Acht Limited	Moondrop Nekocake	inear
Nemesis	Empire Ears Nemesis	inear
nemesis	Empire Ears Nemesis	inear
Neo	SeeAudio Neo	inear
Neon	KBEar Neon	inear
Neptune	qdc Neptune	inear
nerva X	HYLA Nerva X	inear
New Primacy	Oriveti New Primacy	inear
NightHawk	AudioQuest NightHawk	onear
Nightingale	AAW Nightingale	inear
NightOwl	AudioQuest NightOwl	onear
Nio M15	64 Audio Nio (m15 Apex module) (sample 1)	inear
Nio MX	64 Audio Nio (mX module) (sample 1)	inear
Nio S2 M15	64 Audio Nio (m15 Apex module) (sample 2)	inear
Nio S2 M20	64 Audio Nio (m20 Apex module) (sample 2)	inear
Nio S2 MX	64 Audio Nio (mX module) (sample 2)	inear
NM2 Plus	NF Audio NM2+	inear
No.3	TFZ No.3	inear
Norma	Flicker Ear Norma	inear
NRA	CCA NRA	inear
NS-U1 All Off	Lear NS-U1 (all Off)	inear
NS-U1 NS On	Lear NS-U1 (NS on)	inear
NT01	Nuarl NT01	inear
NT100	Nuarl NT100	inear
NT110	Nuarl NT110	inear
NT6	Hidition NT6	inear
NT6 Pro	Hidition NT6 Pro	inear
NT6 Uni	Hidition NT6 Uni	inear
NT8	Hidition NT8	inear
NX7 Mk3 Black	NiceHCK NX7 Mk3 (black)	inear
NX7 Mk3 Blue	NiceHCK NX7 Mk3 (blue)	inear
NX7 Mk3 Red	NiceHCK NX7 Mk3 (red)	inear
NX7 Pro Blue	NiceHCK NX7 Pro (blue)	inear
NX7 Pro Red	NiceHCK NX7 Pro (red)	inear
NX7 Pro White	NiceHCK NX7 Pro (stock)	inear
Oculus	ARC Oculus	inear
Odin	Kinera Odin	inear
Odin (Bog Oak)	Kennerton Odin Bog Oak	onear
Odin EE	Empire Ears Odin	inear
OH1	IKKO OH1	inear
OH10	IKKO OH10	inear
OH1S	IKKO OH1S	inear
OH2	IKKO OH2	inear
OH300	Oriveti OH300	inear
OH500	Oriveti OH500	inear
OH7	IKKO OH7	inear
Ola	Tanchjim Ola	inear
Oldskool RPM (ZnC LE)	Fischer Audio Oldskool RPM 33 1-3 (Zeppelin & Co Limited Edition)	onear
Oluv x EarFun Free	EarFun Free	inear
Omega Spark	Fischer Audio Omega Spark	inear
Opera	NXEars Opera	inear
Oracle	ThieAudio Oracle	inear
Orchestra	Kiwi Ears Orchestra	inear
Orion	Campfire Audio Orion	inear
Orta	AZLA Orta	inear
OS V3	HiFi Boy OS V3	inear
Oxygen	Tanchjim Oxygen	inear
P1	Tin HiFi P1	inear
P1 (Front vent sealed)	Tin HiFi P1 (front vent sealed)	inear
P1 Max	Tin HiFi P1 Max	inear
P1 Plus	Tin HiFi P1 Plus	inear
P2	Tin HiFi P2	inear
Panda	Massdrop Panda (active)	onear
Panda Passive	Massdrop Panda (passive)	onear
Parterre	FitEar Parterre (sample 1)	inear
Parterre S2	FitEar Parterre (sample 2)	inear
PC38X	Sennheiser PC38X	onear
PD1	HarmonicDyne PD1	inear
Peacock	Sendy Peacock	onear
Percivali	Oriolus Percivali	inear
PFE	Phonak PFE 232	inear
Phantom	Empire Ears Phantom	inear
Phantom CE	Empire Ears Phantom (CIEM) emulated (sample 1)	ignore
Phantom Eu	Empire Ears Phantom (CIEM) emulated (sample 2)	ignore
Phantom S3	Empire Ears Phantom (sample 3)	ignore
Phantom X	Empire Ears Phantom X	inear
Phi	Abyss Diana Phi	onear
Phoenix	Sivga Audio Phoenix	onear
Pink Lady	Queen of Audio Pink Lady (sample 1)	inear
Pink Lady S2	Queen of Audio Pink Lady (sample 2)	inear
Piston 1More	1MORE Piston	inear
Planamic	MEE Audio Planamic	inear
Plus	Massdrop Plus Universal IEM (sample 1)	inear
Plus S2	Massdrop Plus Universal IEM (sample 2)	inear
PM-3	Oppo PM3	onear
Pola	Shozy x AAW Pola (sample 1)	inear
Pola S2	Shozy x AAW Pola	inear
Polaris	Campfire Audio Polaris (sample 1)	inear
Polaris S2	Campfire Audio Polaris (sample 2)	inear
Polaris V2 S2	Campfire Audio Polaris V2	inear
Pollux	ARC Pollux	inear
Pollux S2	ARC Pollux	inear
Portapro	Koss Porta Pro	onear
Poseidon	Elysian Poseidon	inear
Prelude	Warbler Prelude (sample 1)	inear
Prelude S2	Warbler Prelude (sample 2)	inear
Primo8	NuForce Primo 8	inear
Prism	Tanchjim Prism	inear
Pristine	HUM Pristine Reference	inear
PRO DJ100	Koss PRO DJ100	onear
Pro330v2	Custom Art Pro330v2	inear
Project 71	Dita Audio Project 71	inear
Prophile8	InEar ProPhile-8	inear
ProPhile8 Bass	InEar ProPhile-8 (bass)	inear
ProPhile8 Bass Treble	InEar ProPhile-8 (bass, treble)	inear
ProPhile8 Treble	InEar ProPhile-8 (treble)	inear
Provence	Fearless Audio Provence	inear
PS500e	Grado PS500e	onear
Pureplay Z3 2	Lypertek PurePlay Z3 2.0	inear
Pureplay Z7	Lypertek PurePlay Z7	inear
Purple Standard	EarSonics Purple (standard)	inear
PX	Bowers & Wilkins PX	onear
QC35 II (Active)	Bose QuietComfort 35 II	onear
QC35 II (Passive)	Bose QuietComfort 35 II (passive)	onear
QM50	Queen of Audio QM50	inear
Quad	1MORE Quad Driver	inear
Quad 2.0	Unknown Custom Quad 2.0	inear
Quad Eartech	Eartech Quad	inear
Quarks RM	Moondrop Quarks	inear
Quatre Black	Jomo Audio Quatre (black)	inear
Quatre Filterless	Jomo Audio Quatre (no filter)	inear
Quatre Red	Jomo Audio Quatre	inear
Quatre White	Jomo Audio Quatre (white)	inear
Quatreed	Jomo Audio Quatre (red)	inear
Quintet	Colorfly Quintet	inear
Qx-Over	Qudelix Qx-over	inear
R1 Black	IMR Acoustics R1 (black)	inear
R1 Blue	IMR Acoustics R1 (blue)	inear
R1 Orange	IMR Acoustics R1 (orange)	inear
R1 Pink	IMR Acoustics R1 (pink)	inear
R1 S2 Black mod	IMR Acoustics R1 (black) (sample 1)	inear
R1 S2 Blue mod	IMR Acoustics R1 (blue) (sample 2)	inear
R1 S2 Blue mod Open	IMR Acoustics R1 (blue, open) (sample 2)	ignore
R1 Yellow	IMR Acoustics R1 (yellow)	inear
R2 Black-Black	IMR Acoustics R2 Aten (black nozzle, black filter)	inear
R2 Black-Blue	IMR Acoustics R2 Aten (black nozzle, blue filter)	inear
R2 Black-Gold	IMR Acoustics R2 Aten (black nozzle, gold filter)	inear
R2 Black-Green	IMR Acoustics R2 Aten (black nozzle, green filter)	inear
R2 Black-Pink	IMR Acoustics R2 Aten (black nozzle, purple filter)	inear
R2 Black-Red	IMR Acoustics R2 Aten (black nozzle, red filter)	inear
R2 Gold-Black	IMR Acoustics R2 Aten (gold nozzle, black filter)	inear
R2 Gold-Blue	IMR Acoustics R2 Aten (gold nozzle, blue filter)	inear
R2 Green-Black	IMR Acoustics R2 Aten (green nozzle, black filter)	inear
R2 Pink	IMR Acoustics R2 Aten (purple nozzle, purple filter)	inear
R2 Pink-Black	IMR Acoustics R2 Aten (purple nozzle, black filter)	inear
R2 Red	IMR Acoustics R2 Aten (red nozzle, red filter)	inear
R2 Red-Black	IMR Acoustics R2 Aten (red nozzle, black filter)	inear
R3	Itsfit Lab R3	inear
R3 C	Itsfit Lab R3 (CIEM)	inear
R70x	Audio-Technica ATH-R70x	onear
Ra C	oBravo Ra 21 C	inear
Ra C-Cu	oBravo Ra C-Cu	inear
RAD-0	Rosson Audio Design RAD-0	onear
Radiance	Focal Radiance	onear
Radiante	Spirit Torino Radiante	onear
RAH Black-black	IMR Acoustics RAH (black nozzle, black filter)	inear
RAH Black-blue	IMR Acoustics RAH (blue nozzle, black filter)	inear
RAH Black-gold	IMR Acoustics RAH (gold nozzle, black filter)	inear
RAH Black-green	IMR Acoustics RAH (green nozzle, black filter)	inear
RAH Black-purple	IMR Acoustics RAH (purle nozzle, black filter)	inear
RAH Black-red	IMR Acoustics RAH (red nozzle, black filter)	inear
RAH Black-silver	IMR Acoustics RAH (silver nozzle, black filter)	inear
RAH Blue-red	IMR Acoustics RAH (red nozzle, blue filter)	inear
RAH Filterless-red	IMR Acoustics RAH (red nozzle, no filter)	inear
RAH Gold-red	IMR Acoustics RAH (red nozzle, gold filter)	inear
RAH Green-red	IMR Acoustics RAH (red nozzle, green filter)	inear
RAH Purple-red	IMR Acoustics RAH (red nozzle, purple filter)	inear
RAH Red-red	IMR Acoustics RAH (red nozzle, red filter)	inear
RAH Silver-black	IMR Acoustics RAH (black nozzle, silver filter)	inear
RAH Silver-red	IMR Acoustics RAH (red nozzle, silver filter)	inear
Rai Penta	Meze Rai Penta	inear
Rai Solo	Meze Rai Solo	inear
RE2000	HIFIMAN RE2000	inear
RE400	HIFIMAN RE400	inear
RE800	HIFIMAN RE800	inear
Reference	HUM Hong Kong Reference	inear
Reference FF	Fatfreq Reference	inear
Reference Plus	Fatfreq Reference Plus	inear
Reference Plus V2	Fatfreq Reference Plus V2	inear
Reference Pro	Fatfreq Reference Pro	inear
Reference Pro SE	Fatfreq Reference Pro SE	inear
Roland	Fearless Audio Roland	inear
Rosie 2oclock	Astell & Kern Rosie (2 o’clock)	inear
Rosie Max	Astell & Kern Rosie (max)	inear
Rosie Min	Astell & Kern Rosie (min)	inear
Rouge	Shozy Rouge	inear
Roxanne 2 2oclock	JH Audio Roxanne (2 o’clock)	inear
Roxanne 2 Max	JH Audio Roxanne (max)	inear
Roxanne 2 Min	JH Audio Roxanne (min)	inear
RS10	SoftEars RS10	inear
RSV	SoftEars RSV	inear
RX-100	Ovidius RX-100	inear
RX10	Simphonio RX10	inear
S10	Fearless Audio S10 Genie	inear
S12 Shuoer	Shuoer S12	inear
S2 KZ	KZ S2	inear
S2 Pro	TFZ S2 Pro	inear
S2000	Advanced S2000	inear
S4	KZ S4	inear
S4 Fearless	Fearless Audio S4	inear
S5H	Fearless Audio S5H	inear
S5T	Fearless Audio S5T	inear
S6Pro	Fearless Audio S6Pro	inear
S6Rui	Fearless Audio S6Rui	inear
S8	Moondrop S8	inear
S8F	Fearless Audio S8F (sample 1)	inear
S8F S2	Fearless Audio S8F (sample 2)	inear
S8Pro	Fearless Audio S8Pro	inear
S8Z	Fearless Audio S8Z	inear
SA03	1Custom SA03	inear
SA05	1Custom SA05	inear
SA5000 (AliEx pads)		ignore
SA6	DUNU SA6 (default mode)	inear
SA6 On	DUNU SA6 (atmospheric Immersion mode)	inear
Sage	Noble Audio Sage	inear
Sakura 71	Dita Audio Sakura 71	inear
Sakura FF	Fatfreq Sakura	inear
Sakura FF On	Fatfreq Sakura (bass switch on)	inear
Salsa	Jomo Audio Salsa	inear
Samba	Jomo Audio Samba	inear
Samba C	Jomo Audio Samba (CIEM)	inear
Samsung AKG	Samsung EO-IG955 (AKG)	inear
Sarda	HYLA Sarda	inear
Satsuma	Campfire Audio Satsuma	inear
Savanna	Noble Audio Savanna	inear
Savant 2	Noble Audio Savant 2	inear
SB7	StereoPravda SB7	inear
SD2	InEar StageDiver SD2	inear
SD3	InEar StageDiver SD3	inear
SD4	InEar StageDiver SD4	inear
SD5	InEar StageDiver SD5	inear
SE-2P	Pioneer SE-2P	onear
SE-Master1	Pioneer SE-Master1	onear
SE215	Shure SE215	inear
SE215 Ltd	Shure SE215 Ltd	inear
SE315	Shure SE315	inear
SE425	Shure SE425	inear
SE535	Shure SE535	inear
SE5U	Spiral Ear SE5U (sample 1)	inear
SE5U S2	Spiral Ear SE5U (sample 2)	inear
SE846 Black	Shure SE846 (black) (sample 1)	inear
SE846 Black S2	Shure SE846 (black) (sample 2)	inear
SE846 Blue	Shure SE846 (blue)	inear
SE846 Clone	Fake Shure SE846	ignore
SE846 White	Shure SE846 (white)	inear
Secret Garden	TFZ Secret Garden	inear
SEED	Kinera SEED	inear
Semper Pink-pink	IMR Acoustics Semper (Pink nozzle with pink filter)	inear
Sendy	Sendy Aiya	inear
SF5EB	Ultimate Ears Super.fi 5 Extra Bass	inear
SH2	PEARS SH2	inear
SH3	PEARS SH3 (sample 1)	inear
SH3 C	PEARS SH3 (CIEM)	inear
SH3 S2	PEARS SH3 (sample 2)	inear
Shangri-la	Fearless Audio Shangri-la	inear
Shangri-La Jr	HIFIMAN Shangri-La Jr	onear
Shock	Aroma Audio Shock	inear
SHP9500	Philips SHP9500	onear
SIA	Singapore Airlines complimentary earphones	inear
Sif	Kinera SIF	inear
Silver	Origami Audio Silver	inear
Sine DX	Audeze SINE DX	onear
Single Driver	1MORE Single Driver	inear
Singolo	Zero Audio Carbo Singolo ZH-BS150-CS	inear
Siren	Aya Siren	inear
Sirius C S2	Fidue A91 Sirius (CIEM)	inear
SK3	Soranik SK3	inear
Smalls	Venture Electronics Monk IE Smalls	inear
Solaris	Campfire Audio Solaris (sample 1)	inear
Solaris 2020	Campfire Audio Solaris 2020	inear
Solaris S1	Campfire Audio Solaris (sample 1)	ignore
Solaris S2	Campfire Audio Solaris (sample 2)	inear
Solaris S3	Campfire Audio Solaris (sample 3)	inear
Solaris S3-1	Campfire Audio Solaris (tip 1) (sample 3)	ignore
Solaris S3-2	Campfire Audio Solaris (tip 2) (sample 3)	ignore
Solaris S3-3	Campfire Audio Solaris (tip 3) (sample 3)	ignore
Solaris S3-4	Campfire Audio Solaris (tip 4) (sample 3)	ignore
Solaris S3-5	Campfire Audio Solaris (tip 5) (sample 3)	ignore
Solaris S4	Campfire Audio Solaris (sample 4)	inear
Solaris SE	Campfire Audio Solaris SE (sample 1)	inear
Solaris SE S2	Campfire Audio Solaris SE (sample 2)	inear
Solstice	Campfire Audio Solstice	inear
Sonata	NXEars Sonata	inear
Sonic	Sonic Sonic	inear
Sonoma Model One (M1)	Warwick Acoustics Sonoma Model One	onear
Sonorous VIII	Final Audio Sonorous VIII	onear
Sonorous X	Final Audio Sonorous X	onear
Sora	Intime Sora	inear
Soundsport Free	Bose SoundSport Free	inear
SP3	Soranik SP3	inear
SP3 SE	Soranik SP3 SE	inear
SP540	Koss SP540	onear
Spaceship	Moondrop Spaceship	inear
Sparks	Moondrop Sparks	inear
Sphear	Focal Sphear	inear
SPORT7TW	Audio-Technica ATH-SPORT7TW	inear
Spring 1	BQEYZ Spring 1	inear
Spring 1 S2 Mesh	BQEYZ Spring 1 (mesh mod) (sample 2)	inear
SR-001 Mk2	Stax SR-001 Mk2	inear
SR-007	Stax SR-007	onear
SR-007 Mk2.5	Stax SR-007 Mk2.5	onear
SR-009	Stax SR-009	onear
SR-009S	Stax SR-009S	onear
SR-3	Stax SR-3	onear
SR-40	Stax SR-40	onear
SR-404	Stax SR-404	onear
SR-404 Limited	Stax SR-404 Limited	onear
SR-4070	Stax SR-4070	onear
SR-507	Stax SR-507	onear
SR-84	Stax SR-84	onear
SR-L300	Stax SR-L300 (sample 1)	onear
SR-L300 Limited	Stax SR-L300 Limited	onear
SR-L300 S2	Stax SR-L300 (sample 2)	onear
SR-L500 S2	Stax SR-L500 (sample 2)	onear
SR-L700 S1 (fresh pads)	Stax SR-L700 (sample 1)	onear
SR-L700 S2	Stax SR-L700 (sample 2)	onear
SR-Lambda Pro	Stax SR-Lambda Pro	onear
SR-X Mk2	Stax SR-X Mk2	onear
SR001 Mk1	Stax SR-001 Mk1	inear
SR001 Mk1 CES Stock	Stax SR-001 Mk1 CES (stock)	inear
SR002	Stax SR-002	inear
SR1	iBasso SR1	onear
SR125e	Grado SR125e	onear
SR1a (ear contact)	RAAL SR1a	onear
SR1a (no ear contact)	RAAL SR1a (no ear contact)	onear
SR2	iBasso SR2	onear
SR325e	Grado SR325e	onear
SR60e	Grado SR60e	onear
SR80e	Grado SR80e	onear
SRH1540	Shure SRH1540	onear
SRH240A	Shure SRH240A	onear
SRH440	Shure SRH440	onear
SRH840	Shure SRH840 (sample 1)	onear
SRH840 S2	Shure SRH840 (sample 2)	onear
SS-10	Sansui SS10	onear
SSP	Moondrop SSP	inear
SSR	Moondrop SSR	inear
Star	Aroma Audio Star	inear
Starfield	Moondrop Starfield	inear
Stark	EarSonics Stark	inear
Starlight	TRI Starlight	inear
Starsea 00	TRI Starsea (00 setting)	inear
Starsea 02	TRI Starsea (02 setting)	inear
Starsea 10	TRI Starsea (10 setting)	inear
Starsea 12	TRI Starsea (12 setting)	inear
Starshine	TRI Starshine	inear
Start	Fearless Audio Start	inear
Stealth	Dan Clark Audio Stealth	onear
Stella	Light Harmonic Stella	inear
Stellia	Focal Stellia	onear
Storm	Aure Audio Storm	inear
Studio 3	Alclair Studio3	inear
Studio 4	Alclair Studio4	inear
Stylish	1MORE Stylish	inear
Sultan	Noble Audio Sultan	inear
Summer	BQEYZ Summer	inear
Sundara	HIFIMAN Sundara	onear
Sundara (2020)	HIFIMAN Sundara 2020	onear
Superdarts	Atomic Floyd SuperDarts	inear
Susvara	HIFIMAN Susvara	onear
Susvara S2	HIFIMAN Susvara (sample 2)	onear
SV Grey		ignore
SV021	Sivga Audio Robin	onear
Symphony	Effect Audio Symphony	inear
T1	Tin HiFi T1	inear
T1 (3rd Gen)	Beyerdynamic T1 3rd Generation	onear
T2	Tin HiFi T2	inear
T2 Evo	Tin HiFi T2 Evo	inear
T2 Galaxy Mod	Tin HiFi T2 (galaxy mod)	inear
T2 Plus	Tin HiFi T2 Plus (sample 1)	inear
T2 Plus S2	Tin HiFi T2 Plus (sample 2)	inear
T2 Pro	Tin HiFi T2 Pro	inear
T2 WG	W+G T2	inear
T20i	RHA T20i	inear
T3	Tin HiFi T3	inear
T3 Plus	Tin HiFi T3 Plus	inear
T4	Tin HiFi T4	inear
T5	QCY T5	inear
T5 (3rd Gen)	Beyerdynamic T5 3rd Generation	onear
T5 Tin	Tin HiFi T5	inear
T5 True Wireless	Klipsch T5 True Wireless	inear
T50RP Mk3	Fostex T50RP Mk3	onear
T5p (1st Gen)	Beyerdynamic T5p	onear
T70	Beyerdynamic T70	onear
T800	Audiosense T800	inear
T8iE Mk1	Astell & Kern T8iE Mk1 (sample 1)	inear
T8iE Mk1 S2	Astell & Kern T8iE Mk1 (sample 2)	inear
T9iE	Astell & Kern T9iE	inear
TA2	TRN TA2	inear
Tango	Jomo Audio Tango	inear
Tanya RM	Tanchjim Tanya	inear
Taobao 3 Driver	Taobao 3 driver	inear
Taobao 3 driver	Taobao 3 driver	inear
Taobao 6 Driver	Taobao 6 driver	inear
Tape	Shuoer Tape	inear
Tape Pro	Shuoer Tape Pro	inear
TC-01	Tripowin TC-01	inear
TD1	Tiandirenhe TD1	inear
TE-D01b	AVIOT TE-D01b	inear
TE-D01d	AVIOT TE-D01d	inear
Tea	Mangird Tea	inear
Tea 2	Xenns Mangird Tea 2	inear
Teak	E-Mu Teak	onear
Ten Five	Fender Ten 5	inear
Tender	Dethonray Tender I	inear
Tenore	Zero Audio Carbo Tenore	inear
Tequila	Fearless Audio Tequila	inear
Tequila 1	TFZ Tequila 1	inear
Terminator	Elysian Terminator	inear
Terminator V2	Elysian Terminator V2	inear
Terminator V2 S2	Elysian Terminator V2 (sample 2)	inear
Tevi	Lypertek Tevi	inear
TF10	Ultimate Ears TripleFi 10	inear
TG334	FitEar TG334 (sample 3)	inear
TG334 S1	FitEar TG334 (sample 1)	inear
TG334 S2	FitEar TG334 (sample 2)	inear
TH500 (worn pads)	Fostex TH500 (worn earpads)	onear
TH610	Fostex TH610	onear
TH7	Fostex TH7	onear
TH900	Fostex TH900	onear
TH909	Fostex TH909	onear
The Hemp Headphone	Grado The Hemp Headphone	onear
Thirteen 6	Fender Thirteen 6	inear
Thror Bog Oak	Kennerton Thror Bog Oak	onear
Thummim	Metal Magic Research Thummim	inear
Ti	Periodic Audio Ti	inear
Ti Galaxy	TFZ Ti Galaxy	inear
Timeless	7HZ Timeless	inear
Titan	FitEar Titan (sample 1)	inear
Titan 1	DUNU Titan 1	inear
Titan 3	DUNU Titan 3	inear
Titan S	DUNU Titan S	inear
Titan S RM	DUNU Titan S	inear
Titan S3	FitEar Titan (sample 2)	inear
TM2	Fostex TM2	inear
Tone Free	LG Tone Free	inear
Topaz Filterless	Yinyoo Topaz (no filter)	inear
TP10	Tripowin TP10	inear
TR-80	Fostex TR-80	onear
Track Air Plus	Libratone Track Air Plus	inear
Traillii	Oriolus Traillii	inear
Treble	HYLA TE-5T	inear
TRI i3	TRI i3	inear
TRI i3 Deep		ignore
Trident	Noble Audio Trident	inear
Trident Aya	Aya Trident	inear
Trinity	Jomo Audio Trinity	inear
Trinity Brass	Jomo Audio Trinity Brass	inear
Trio	64 Audio tia Trio	inear
Trio S2	64 Audio tia Trio (sample 2)	inear
Triple	Eartech Triple	inear
Triple Driver	1MORE Triple Driver	inear
Triton S2	Symphonium Audio Triton	inear
TrueConnect	RHA TrueConnect	inear
TrueLevel		ignore
Truth	Dita Audio Truth	inear
TS-1024	Timsok TS-1024	onear
TSH-HR1000K	fineEars TSH-HR1000K	inear
TSMR-3 Pro 000	Tansio Mirai TSMR-3 Pro (off-off-off)	inear
TSMR-3 Pro 003	Tansio Mirai TSMR-3 Pro (off-off-on)	inear
TSMR-3 Pro 020	Tansio Mirai TSMR-3 Pro (off-on-off)	inear
TSMR-3 Pro 023	Tansio Mirai TSMR-3 Pro (off-on-on)	inear
TSMR-3 Pro 100	Tansio Mirai TSMR-3 Pro (on-off-off)	inear
TSMR-3 Pro 103	Tansio Mirai TSMR-3 Pro (on-off-on)	inear
TSMR-3 Pro 120	Tansio Mirai TSMR-3 Pro (on-on-off)	inear
TSMR-3 Pro 123	Tansio Mirai TSMR-3 Pro (on-on-on)	inear
TSMR-5 003	Tansio Mirai TSMR-5 (off-off-on)	inear
TSMR-5 020	Tansio Mirai TSMR-5 (off-on-off)	inear
TSMR-5 100	Tansio Mirai TSMR-5 (on-off-off)	inear
TSMR-5 123	Tansio Mirai TSMR-5 (on-on-on)	inear
Tsuru	Fatfreq Tsuru	inear
TT	HUM Hong Kong TT	inear
Ttromso	Tipsy TTROMSO	inear
Tumuri	SATOLEX Tumuri DH303-A1	inear
Turii	SoftEars Turii	inear
Tux 5	Noble Audio Tux 5	inear
Twins Bass	Aroma Audio Twins (bass)	inear
Twins Treble	Aroma Audio Twins (treble)	inear
TWS1	Edifier TWS1	inear
TWS1 Grell	Grell Audio TWS 1	inear
TWS2000	Tin HiFi TWS2000	inear
TWS2000 S2	Tin HiFi TWS2000	inear
TWS5	Edifier TWS5	inear
TWS6	Edifier TWS6	inear
TWS600	HIFIMAN TWS600	inear
TX-901	Ovidius TX-901	onear
TYGR 300 R	Beyerdynamic TYGR 300 R	onear
Type 711	Madoo Type 711	inear
Tzar 350	Heir Audio Tzar 350	inear
U12t	64 Audio U12t	inear
U12t DEC14	64 Audio U12t (December 2014)	ignore
U12t DEC17	64 Audio U12t (December 2017)	ignore
U12t L DEC14		ignore
U12t L DEC17		ignore
U12t S3	64 Audio U12t (sample 3)	inear
U18Tzar	64 Audio U18Tzar (sample 1)	inear
U18Tzar DEC14	64 Audio U18Tzar (December 2014)	inear
U18Tzar DEC17	64 Audio U18Tzar (December 2017)	inear
U18Tzar M20	64 Audio U18Tzar (m20 Apex module)	inear
U18Tzar S2	64 Audio U18Tzar (sample 2)	inear
U2	Stealthsonics U2	inear
U4	Stealthsonics U4	inear
U9	Stealthsonics U9	inear
U9 JDM	Stealthsonics U9 JDM	inear
UCD-2	Unknown Custom UCD-2	inear
UCD-3	Unknown Custom UCD-3	inear
UE11	Ultimate Ears UE11	inear
UE18+	Ultimate Ears UE18+ (sample 1)	inear
UE18+ 3rd Gen	Ultimate Ears UE18+ 3rd Gen	inear
UE18+ S2	Ultimate Ears UE18+ (sample 2)	inear
UE4 Pro	Ultimate Ears UE4 Pro	inear
UE5	Ultimate Ears UE5	inear
UE6	Ultimate Ears UE6	inear
UE7	Ultimate Ears UE7	inear
UE900S	Ultimate Ears UE900S	inear
UERM	Ultimate Ears Reference Monitors	inear
UERR	Ultimate Ears Reference Remastered	inear
UM Pro 10	Westone UM Pro 10	inear
UM Pro 20	Westone UM Pro 20	inear
UM Pro 30	Westone UM Pro 30	inear
UM pro 50	Westone UM Pro 50	inear
UM Pro 50	Westone UM Pro 50	inear
UP	Mangird XENNS UP	inear
Uranus	qdc Uranus	inear
Utopia	Focal Utopia (sample 1)	onear
Utopia S2	Focal Utopia (sample 2)	onear
Utopia S3	Focal Utopia (sample 3)	onear
V14 00	ThieAudio Voyager 14 (00 setting)	inear
V14 02	ThieAudio Voyager 14 (02 setting)	inear
V14 10	ThieAudio Voyager 14 (10 setting)	inear
V14 12	ThieAudio Voyager 14 (12 setting)	inear
V16 Divinity	ThieAudio V16 Divinity	inear
V2	64 Audio 1964 Ears V2	inear
V33	Shozy V33	inear
Valkyrie	Empire Ears Valkyrie	inear
Valkyrie Mk2	Empire Ears Valkyrie Mk2	inear
Vantage	Empire Ears Vantage	inear
Variations	Moondrop Variations	inear
VC02	VSonic VC02	inear
VE3.2	Vision Ears VE3.2 (sample 1)	inear
VE3.2 C	Vision Ears VE3.2 (CIEM)	inear
VE32	Vision Ears VE3.2 (sample 2)	inear
VE42	Vision Ears VE4.2	inear
VE5	Vision Ears VE5	inear
VE6X1	Vision Ears VE6X1	inear
VE6X2	Vision Ears VE6X2	inear
VE7	Vision Ears VE7	inear
VE8	Vision Ears VE8	inear
VE8 C	Vision Ears VE8 (CIEM)	inear
VE8 C S2	Vision Ears VE8 (CIEM)	inear
Vega	Campfire Audio Vega (sample 1)	inear
Vega 2020	Campfire Audio Vega 2020	inear
Vega S2	Campfire Audio Vega (sample 2)	inear
Velver Tight		ignore
Velver Warm		ignore
Velvet Standard	EarSonics Velvet (standard)	inear
Velvet Tight	EarSonics Velvet (tight)	inear
Velvet Warm	EarSonics Velvet (warm)	inear
Venus	Moondrop Venus	onear
Verb	LH Labs Verb	inear
Verite	ZMF Verite	onear
Verite (BE2)	ZMF Verite (perforated hybid BE2 earpads)	onear
Verite (Verite)	ZMF Verite (perforated Verite lambskin earpads)	onear
Verite Closed	ZMF Verite Closed	onear
Verite Closed (Auteur lambskin)	ZMF Verite Closed (Auteur lambskin earpads)	onear
Verite Closed (Universe hybrid)	ZMF Verite Closed (hybrid Universe earpads)	onear
Versa	Alclair Versa	inear
Verum 1	Verum One	onear
Vesper	Queen of Audio Vesper	inear
Vesper S2	Queen of Audio Vesper	inear
VG4 000	BGVP VG4 (off-off-off)	inear
VG4 003	BGVP VG4 (off-off-on)	inear
VG4 020	BGVP VG4 (off-on-off)	inear
VG4 100	BGVP VG4 (on-off-off)	inear
Viento	Hidition Viento	inear
Viento Bass	Hidition Viento (bass)	inear
Viento Bass Mids	Hidition Viento (bass, mids)	inear
Viento Mids	Hidition Viento (mids)	inear
Viento-A C	Hidition Viento-A (CIEM)	inear
Viento-B C	Hidition Viento-B (CIEM)	inear
Viento-D C	Hidition Viento-D (CIEM)	inear
Violet	Hidition Violet	inear
Vista	Jaybird Vista	inear
VK4	QKZ VK4 (sample 1)	inear
VK4 Revised S1	QKZ VK4 Revised (sample 1)	inear
VK4 Revised S2	QKZ VK4 Revised (sample 2)	inear
VK4 S2	QKZ VK4 (sample 2)	inear
Voce	Dan Clark Audio Voce	onear
Void	Moondrop Void	onear
Void S2	Moondrop Void	onear
Volans	Astrotec Volans	inear
Volume	SoftEars Volume	inear
VR1	Simphonio VR1	inear
VS7	VSonic VS7	inear
VSD1S	VSonic VSD1S	inear
VSD2S	VSonic VSD2S	inear
VSD3S	VSonic VSD3S	inear
VxV	Fir Audio VxV	inear
W10	Westone W10	inear
W20	Westone W20	inear
W30	Westone W30	inear
W40	Westone W40	inear
W50	Westone W50	inear
W500	AAW W500	inear
W60	Westone W60	inear
W80	Westone W80	inear
W900	AAW W900	inear
Walnut	E-Mu Walnut	onear
Waltz	Hidition Waltz	inear
WF-1000XM3	Sony WF-1000XM3	inear
WF-1000XM3 NC	Sony WF-1000XM3 NC	inear
WF-1000XM4	Sony WF-1000XM4	inear
WF-1000XM4 Bass Boost	Sony WF-1000XM4 (Bass Boost preset)	inear
WF-1000XM4 Bright	Sony WF-1000XM4 (Bright preset)	inear
WF-1000XM4 Excited	Sony WF-1000XM4 (Excited preset)	inear
WF-1000XM4 Mellow	Sony WF-1000XM4 (Mellow preset)	inear
WF-1000XM4 Relaxed	Sony WF-1000XM4 (Relaxed preset)	inear
WF-1000XM4 Speech	Sony WF-1000XM4 (Speech preset)	inear
WF-1000XM4 Treble Boost	Sony WF-1000XM4 (Treble Boost preset)	inear
WF-1000XM4 Vocal	Sony WF-1000XM4 (Vocal preset)	inear
WF-SP800N	Sony WF-SP800N	inear
WF-XB700	Sony WF-XB700	inear
WH-1000XM4	Sony WH-1000XM4	onear
WH3	HiBy WH3	inear
Witch Girl Pro	Aroma Audio Witch Girl Pro	inear
Witch Girl S	Aroma Audio Witch Girl S	inear
Witch Girl W12	Aroma Audio Witch Girl W12	inear
Wraith	Empire Ears Wraith	inear
X7	TRN X7	inear
XBA-40	Sony XBA-40	onear
XBA-A3	Sony XBA-A3 (sample 1)	inear
XBA-A3 Mod	Sony XBA-A3 (modded)	inear
XBA-A3 S3	Sony XBA-A3 (sample 3)	inear
XBA-H3	Sony XBA-H3	inear
XBA300	Sony XBA-300	inear
Xelento	Beyerdynamic Xelento	inear
Xenon-6 C	Fir Audio Xenon 6 (CIEM)	inear
Yao	Aroma Audio Yao	inear
YB04	Cayin YB04	inear
Yume	SeeAudio Yume	inear
Z1R	Sony IER-Z1R (sample 1)	inear
Z1R Filterless	Sony IER-Z1R (no filter)	inear
Z1R S2	Sony IER-Z1R (sample 2)	inear
Z1R S3	Sony IER-Z1R (sample 3)	inear
Z1R S4	Sony IER-Z1R (sample 4)	inear
Z1R S5	Sony IER-Z1R (sample 5)	inear
Z1R S6	Sony IER-Z1R (sample 6)	inear
Z1R S7	Sony IER-Z1R (sample 7)	inear
Z5	Sony XBA-Z5	inear
ZAS	KZ ZAS	inear
ZAX	KZ ZAX	inear
Zen	DUNU Zen	inear
Zen Pro	DUNU Zen Pro	inear
Zenith Black	IMR Acoustics Zenith (black)	inear
Zenith Blue	IMR Acoustics Zenith (blue)	inear
Zenith Gold	IMR Acoustics Zenith (gold)	inear
Zenith Orange	IMR Acoustics Zenith (orange)	inear
Zenith Pink	IMR Acoustics Zenith (pink)	inear
Zero	BGVP ZERO	inear
Zero Salnotes	7Hz Salnotes Zero (sample 1)	inear
Zero Salnotes S2	7Hz Salnotes Zero (sample 2)	inear
Zero Salnotes S3	7Hz Salnotes Zero (sample 3)	inear
Zero TE S10	Truthear Zero (sample 10)	inear
Zero TE S2	Truthear Zero (sample 2)	inear
Zero TE S3	Truthear Zero (sample 3)	inear
Zero TE S4	Truthear Zero (sample 4)	inear
Zero TE S5	Truthear Zero (sample 5)	inear
Zero TE S6	Truthear Zero (sample 6)	inear
Zero TE S7	Truthear Zero (sample 7)	inear
Zero TE S8	Truthear Zero (sample 8)	inear
Zero TE S9	Truthear Zero (sample 9)	inear
Zeus	Empire Ears Zeus	inear
Zeus-R	Empire Ears Zeus-R	inear
Zeus-XIV	Empire Ears Zeus-XIV	inear
Zeus-XIV S2	Empire Ears Zeus-XIV	inear
ZEX	KZ ZEX	inear
Zodiac 003	Tansio Mirai TSMR-12 (off-off-on)	inear
Zodiac 020	Tansio Mirai TSMR-12 (off-on-off)	inear
Zodiac 100	Tansio Mirai TSMR-12 (on-off-off)	inear
Zodiac 123	Tansio Mirai TSMR-12 (on-on-on)	inear
ZS10 Pro	KZ ZS10 Pro	inear
ZS3	KZ ZS3	inear
ZS3 S2	KZ ZS3	inear
ZS5v1	KZ ZS5v1 (sample 1)	inear
ZS5v1 S2	KZ ZS5v1 (sample 2)	inear
ZS5v2	KZ ZS5v2	inear
ZS6	KZ ZS6	inear
ZSN Pro	KZ ZSN Pro	inear
ZSN Pro X	KZ ZSN Pro X	inear
ZSR	KZ ZSR	inear
ZST	KZ ZST	inear
ZSX	KZ ZSX (sample 1)	inear
ZSX S2	KZ ZSX (sample 2)	inear
ZXD	QKZ ZXD	inear
ZXN	QKZ ZXN	inear
